,a.1.2,a.1.3,a.3.1,a.3.2,a.3.3,a.3.4,a.3.6,b.1.1,b.1.2,b.1.3,b.1.4,b.1.5,b.1.7,b.3.1,b.3.2,b.3.3,b.3.4,b.6.1,c.2.10,c.2.2,c.2.3,c.2.4,c.2.7,c.2.8,c.2.9,c.3.1,c.3.2,c.4.1,c.4.2,c.4.3,c.4.4,c.5.1,d.1.1,d.1.2,d.4.1,d.5.1,d.5.2,d.5.3,d.5.4,e.1.1,e.1.2,f.2.1,f.4.1,f.6.1,f.6.2,g.1.1,g.1.2,g.2.1,g.2.2,g.2.3,g.3.2,g.4.1,g.4.2,g.4.3,g.4.4,g.4.5,h.2.1,h.2.2,h.2.3,h.2.4,i.1.1,i.1.3,i.1.4,i.2.3,i.2.5,i.3.1,i.3.2,i.3.3,i.3.4,i.3.5,i.3.6,j.1.1,j.2.1,j.2.2,j.2.3,j.3.3,j.3.4,j.4.1,j.5.1,j.5.4,j.5.5,j.6.1,j.6.2,j.6.3,j.6.4,j.7.1,j.7.2
a.1.2,1,0.9999999999999999,0.8035510420105288,0.7476961615984328,0.6232336117149616,0.655467653406998,0.7384842430460725,,,-0.06721106123027451,0.1848368360663684,0.0,,-0.15521729670962575,,,,1.7935532814165956e-17,0.4553166980822351,0.46093391788014776,0.46093391788014787,0.455333625725505,0.455333625725505,0.4703328510274913,0.455333625725505,0.4027493536551207,0.4050937255938588,0.36636023934905204,0.39469533309506893,0.3287461580390044,0.36625995158972086,0.34461863116294855,0.41919750460387156,0.3703096689254041,0.3948624803504286,0.4222974200286699,0.40369643349518597,0.40369643349518597,0.40369643349518597,0.14185428155264387,0.16425801224312886,-0.20157528445268866,-0.2331490906773156,0.1611438568915976,-0.24328280651929898,-0.06721106123027451,0.2417263283268202,0.11605622942318754,0.09769930965935675,0.14574616599486193,0.3132401253457509,,,,0.22204202152640864,,-0.09482052410670798,0.02913969061856157,0.09797663003711929,0.06741079728855379,,0.06721106123027452,0.06721106123027452,-0.08105958972393956,,,,0.08501601485035845,,0.06721106082700815,-0.15670595311517083,,0.06721106125623821,-0.04893134697624944,-0.014091267685771507,,,,-0.11641297264863223,-0.2009319801752927,-0.15521729694245157,,,-0.14376547734187645,0.08440632811326831,,
a.1.3,0.9999999999999999,1,0.8035510420105288,0.7476961615984328,0.6232336117149616,0.655467653406998,0.7384842430460725,,,-0.06721106123027451,0.1848368360663684,0.0,,-0.15521729670962575,,,,1.7935532814165956e-17,0.4553166980822351,0.46093391788014776,0.46093391788014787,0.455333625725505,0.455333625725505,0.4703328510274913,0.455333625725505,0.4027493536551207,0.4050937255938588,0.36636023934905204,0.39469533309506893,0.3287461580390044,0.36625995158972086,0.34461863116294855,0.41919750460387156,0.3703096689254041,0.3948624803504286,0.4222974200286699,0.40369643349518597,0.40369643349518597,0.40369643349518597,0.14185428155264387,0.16425801224312886,-0.20157528445268866,-0.2331490906773156,0.1611438568915976,-0.24328280651929898,-0.06721106123027451,0.2417263283268202,0.11605622942318754,0.09769930965935675,0.14574616599486193,0.3132401253457509,,,,0.22204202152640864,,-0.09482052410670798,0.02913969061856157,0.09797663003711929,0.06741079728855379,,0.06721106123027452,0.06721106123027452,-0.08105958972393956,,,,0.08501601485035845,,0.06721106082700815,-0.15670595311517083,,0.06721106125623821,-0.04893134697624944,-0.014091267685771507,,,,-0.11641297264863223,-0.2009319801752927,-0.15521729694245157,,,-0.14376547734187645,0.08440632811326831,,
a.3.1,0.8035510420105288,0.8035510420105288,1,0.9455866005494211,0.8484587960412551,0.878124584735355,0.93114289377522,,,-4.1855411289191785e-17,0.04052984551215906,0.0,,9.534030583557676e-17,,,,3.099103473893864e-17,0.3896118839499013,0.3930525551420746,0.3930525551420747,0.38953320379382866,0.38953320379382866,0.39981112472490604,0.38953320379382866,0.41614512152268246,0.4702572789697163,0.376694119757231,0.3981128952379077,0.36353495046604806,0.396937522447759,0.37631805413096936,0.4540656465975585,0.2888098807668319,0.3177155745708508,0.466065015014116,0.4234548643144168,0.4234548643144168,0.4234548643144168,-1.3330673253655497e-10,0.017713500838865255,-0.13110212784190708,-0.13453539290236793,0.3033778767177891,-0.1530403862203093,-4.167089772529185e-17,0.2982829544346314,0.19359738951071886,0.1838385315876438,0.2126129944815743,0.3045106525692709,,,,0.31376312652916366,,-0.08923451203500561,-0.019168697973437558,0.1724990214122794,0.01137031586620164,,4.077428908679324e-17,4.077428908679324e-17,-0.17774231099369234,,,,0.0233022136057129,,0.0,-0.15156792977588152,,4.845241483166188e-11,-0.13411693021669432,-0.09269530301827694,,,,-0.1276314800612652,-0.23195127425143905,-0.12763148006126518,,,-0.057392679776706014,-0.043042052604281435,,
a.3.2,0.7476961615984328,0.7476961615984328,0.9455866005494211,1,0.88955898670279,0.9218827472990488,0.9823884349306193,,,-0.0718923328755496,0.03954215606435689,0.0,,1.1475241250395988e-16,,,,3.4689425873436096e-17,0.3792709901294913,0.3834740862944492,0.3834740862944493,0.3793242528488092,0.3793242528488092,0.39078420005087666,0.3793242528488092,0.38326254233191837,0.46376271414067366,0.37268569873253615,0.3968548285808102,0.35894359901962813,0.3806184808841127,0.36476626677892765,0.46457800443333025,0.29902519962045565,0.33957063462445625,0.4465351728126788,0.4024642446076743,0.4024642446076743,0.4024642446076743,-1.30058125104465e-10,0.017281832826290817,-0.1279072430201769,-0.13125684134988977,0.29598472918060187,-0.14931087843049984,-7.350506852993402e-17,0.2885539193655183,0.18545476405043548,0.1731135324326711,0.1998572412492603,0.2897116929121327,,,,0.3072658605440486,,-0.10251305273106823,-0.018701567628447924,0.18969130853750737,0.01109322768939484,,3.777212615763161e-17,3.777212615763161e-17,-0.17341083124640885,,,,0.0682030553205156,,0.0,-0.15099213664492653,,5.554419732168487e-11,-0.13084857636355884,-0.09043637082904585,,,,-0.12452117296606373,-0.22231862386754106,-0.1245211729660637,,,-0.048346084426266214,-0.04934194194477094,,
a.3.3,0.6232336117149616,0.6232336117149616,0.8484587960412551,0.88955898670279,1,0.9967042057318661,0.8752432444149351,,,-0.06298038608971564,0.03464041513389196,0.0,,1.1041673330550875e-16,,,,3.227973863204708e-17,0.33213208342552974,0.3359377147066485,0.33593771470664857,0.33217681280610306,0.33217681280610306,0.3424671409562769,0.33217681280610306,0.5130269567889828,0.4071435356307905,0.5000491357692215,0.5251881297086594,0.48338030184833314,0.5077030833590305,0.49149153291515346,0.3669921103405011,0.34354012907489345,0.2972195665378869,0.3873643666324026,0.34820399923115725,0.34820399923115725,0.34820399923115725,-1.139357958777864e-10,0.015139535193854931,-0.11205155302202646,-0.11498592707295573,0.25929374906672503,-0.13080194222137462,-7.07213788446956e-17,0.2803238747133124,0.2698609887666795,0.2565864517670186,0.28671211935043106,0.2797464822110556,,,,0.27018298005985947,,-0.05148073813472426,-0.016383276249519987,0.254688597603978,0.009718084459279274,,-3.660473629741589e-18,-3.660473629741589e-18,-0.15191440682476057,,,,0.059748440268589144,,0.0,-0.13500612541155185,,5.590583185603844e-11,-0.11462827159792001,-0.07922566042231047,,,,-0.10908522836952103,-0.1912727291869067,-0.10908522836952102,,,-0.03565307972940411,-0.049663220868566046,,
a.3.4,0.655467653406998,0.655467653406998,0.878124584735355,0.9218827472990488,0.9967042057318661,1,0.9103474764415161,,,-0.06550640168655109,0.03602977195340113,0.0,,1.0578459925196479e-16,,,,2.494096729335329e-17,0.345453227912438,0.349411495348537,0.34941149534853705,0.3454997512977797,0.3454997512977797,0.3562028036469902,0.3454997512977797,0.49871667455301083,0.42347323738411274,0.4823040179169796,0.5077838846150383,0.4659274096959566,0.4903983412251773,0.4813461308899852,0.3889044742420056,0.33828328925658663,0.30885440112342166,0.40299050137586634,0.3622597228444627,0.3622597228444627,0.3622597228444627,-1.1850555344935863e-10,0.015746751255916555,-0.1165457136354607,-0.11959777948029285,0.26969349563816525,-0.13604814293022555,-6.233201792153483e-17,0.28416584301361414,0.2552302944368927,0.24126106553821788,0.27195990063322456,0.2822950348863406,,,,0.2808699136138463,,-0.0640563146560847,-0.017040376243708657,0.2482963938500617,0.0101078571240663,,2.4742058815421814e-17,2.4742058815421814e-17,-0.1580073856845079,,,,0.06214482907112934,,0.0,-0.14001510649540003,,5.707130300088334e-11,-0.11922577916928,-0.082403241036238,,,,-0.11346041571520118,-0.19946237465085437,-0.1134604157152012,,,-0.03807857066188962,-0.05069853581903826,,
a.3.6,0.7384842430460725,0.7384842430460725,0.93114289377522,0.9823884349306193,0.8752432444149351,0.9103474764415161,1,,,2.994177253502811e-17,-0.013150617611983852,-0.07172815038636869,,1.2311256467929274e-16,,,,-0.04141226693404389,0.3781233920979625,0.3825983360521296,0.37348885182417774,0.3781721352990521,0.3781721352990521,0.3901775998958301,0.3781721352990521,0.3669305911578943,0.4646852065873312,0.3431701869538489,0.3686580918492352,0.32973165218372147,0.3457282244965937,0.37988430842330845,0.4464758722799905,0.29597767596789176,0.3264336185302951,0.42940050150670267,0.384770491884643,0.384770491884643,0.384770491884643,-1.7301481821625058e-10,-0.017242366141807932,-0.12761513774686956,-0.1309570865071564,0.2953087807497656,-0.14896989308892056,0.07172815038636872,0.26134514608038334,0.13934991913852476,0.12949743007818948,0.1634877605713369,0.24679912463503006,,,,0.30711771381917785,,-0.10029092266252729,-0.01865885834635886,0.1570926487138771,0.011067893781560083,,2.603641277711253e-17,2.603641277711253e-17,-0.17301480818266657,,,,0.06804729813550886,,0.0,-0.15214946619025413,,5.940300163044896e-11,-0.13054975388675416,-0.09022983881260817,,,,-0.1242368005536582,-0.21989330425466846,-0.12423680055365817,,,-0.04455092555702444,-0.05276987032941904,,
b.1.1,,,,,,,,1,,,,,,,,,,,,,,,,,,,,,,,,,,,,,,,,,,,,,,,,,,,,,,,,,,,,,,,,,,,,,,,,,,,,,,,,,,,,,,,
b.1.2,,,,,,,,,1,,,,,,,,,,,,,,,,,,,,,,,,,,,,,,,,,,,,,,,,,,,,,,,,,,,,,,,,,,,,,,,,,,,,,,,,,,,,,,
b.1.3,-0.06721106123027451,-0.06721106123027451,-4.1855411289191785e-17,-0.0718923328755496,-0.06298038608971564,-0.06550640168655109,2.994177253502811e-17,,,1,-0.3666793991510027,-0.5000000000000003,,7.750027230348464e-28,,,,-0.2886751345948132,-9.957690520747485e-19,1.5974226254737869e-25,-0.06350006363528894,-9.059453056053945e-19,-9.059453056053945e-19,1.1297735259250676e-18,-9.059453056053945e-19,-0.06523090624620655,7.115562331958936e-18,-3.3577760876964297e-18,1.0394281856851146e-18,-4.6325952056945586e-18,-0.05718892978632741,-2.7781862776670766e-18,-0.06679919307912678,-0.05276892134602909,-0.05890150907169066,-0.07449026144849735,-0.07037407332846764,-0.07037407332846764,-0.07037407332846764,-3.0151136957974466e-10,-0.24038492410231468,-6.234317668735011e-29,-1.298594893239158e-28,-3.200894190110816e-29,-2.785665071561698e-30,0.5000000000000007,-0.05893677954003901,-0.046127923638796274,-0.04869386734086265,-0.04694525278036567,-0.10292644250434163,,,,-7.11946966922027e-29,,0.2058659856709103,-4.1900897763020716e-29,-0.09231470393847682,1.7749370367472766e-30,,-1.3469799956471283e-28,-1.3469799956471283e-28,0.0,,,,1.4100888680825586e-29,,0.0,0.0,,-1.323314168490498e-28,4.35582563550467e-29,-6.7053176943786e-30,,,,-6.971679510570057e-28,7.062057052453916e-28,-6.9733102006165525e-28,,,-2.3665827156630354e-30,-1.1137268037045571e-28,,
b.1.4,0.1848368360663684,0.1848368360663684,0.04052984551215906,0.03954215606435689,0.03464041513389196,0.03602977195340113,-0.013150617611983852,,,-0.3666793991510027,1,0.3666793991510024,,-2.4980018054065435e-16,,,,0.21170244980612155,0.22211082436925453,0.22119956830911142,0.2677678986687879,0.22211104143743227,0.22211104143743227,0.22211104143218338,0.22211104143743227,0.06577678090153163,0.00527608341894111,0.1390611877976605,0.13996553429701603,0.1045409025950969,0.1782450199920409,0.1160975607511718,-0.012246944055309317,0.24186595381365558,0.26997462349607404,0.027314044167137407,0.14192597551047142,0.14192597551047142,0.14192597551047142,-0.08291849848325453,0.12119827461100467,-0.17940385328037486,-0.2008385780615011,-0.1731645266502992,-0.2284634020192382,-0.36667939915100267,-0.016208177153862982,-0.08034225613231546,-0.06695639221260599,-0.07746235629672112,0.16039927592175848,,,,-0.18333969939216133,,0.0849226678167146,0.0357695282357795,0.1565557885887372,0.053043618313822795,,-1.000313100053928e-29,-1.000313100053928e-29,0.1658369976198063,,,,1.1339875512552045e-30,,0.0,-0.08291849858376181,,0.27500954838696756,-0.07508020665619385,-0.17297300412117134,,,,-5.070983500056271e-29,5.132678503538503e-29,-5.073513935646928e-29,,,-0.15254785078497404,0.351793396701785,,
b.1.5,0.0,0.0,0.0,0.0,0.0,0.0,-0.07172815038636869,,,-0.5000000000000003,0.3666793991510024,1,,0.0,,,,0.2886751345948129,-0.06376165916302641,-0.06350006363528891,0.0,-0.06376172147708607,-0.06376172147708607,-0.0637617214755793,-0.06376172147708607,0.0,-0.07021743529322837,-0.05834532570335403,-0.05872475861263108,-0.057020330725915065,0.0,-0.057567039701804906,0.06679919307912675,0.05276892134602902,0.058901509071690575,0.07449026144849734,0.07037407332846765,0.07037407332846765,0.07037407332846765,3.015113695797444e-10,0.24038492410231452,0.0,0.0,0.0,0.0,-0.5000000000000003,0.058936779540038925,0.09225584700082488,0.0973877343895619,0.09389050527905961,0.10292644250434155,,,,0.0,,-0.05146649649492728,0.0,0.09231470393847667,0.0,,0.0,0.0,0.0,,,,0.0,,0.0,0.0,,0.0,0.0,0.0,,,,0.0,0.0,0.0,,,0.0,0.0,,
b.1.7,,,,,,,,,,,,,1,,,,,,,,,,,,,,,,,,,,,,,,,,,,,,,,,,,,,,,,,,,,,,,,,,,,,,,,,,,,,,,,,,,,,,,,,,
b.3.1,-0.15521729670962575,-0.15521729670962575,9.534030583557676e-17,1.1475241250395988e-16,1.1041673330550875e-16,1.0578459925196479e-16,1.2311256467929274e-16,,,7.750027230348464e-28,-2.4980018054065435e-16,0.0,,1,,,,1.6595661292033967e-28,-0.14725124388524827,-0.1466471148936285,-0.1466471148936285,-0.14725138779340435,-0.14725138779340435,-0.14725138778992464,-0.14725138779340435,-0.03766108128073053,-0.03655250870651067,-0.1347427578010372,-0.13561902056896485,-0.0987621096841415,-0.09905413202040816,-0.03323634566886888,7.668148728979006e-17,-0.09139845264913139,-0.034006801914175,2.5804182484641524e-10,0.12189147054048367,0.12189147054048367,0.12189147054048367,-0.08703882781959647,-0.08095867504926473,0.26413527167655054,0.2635231381167821,0.13982253786449417,0.2740754837109801,7.753971534874569e-28,0.20416299278734065,-0.026631968970225576,1.144483549200151e-16,-0.027103854167295872,-0.08913691401905513,,,,-0.14433756754999696,,-0.0891425866384945,0.03754696307759013,0.0799468788335071,0.0556794253813699,,-9.633868954780182e-29,-9.633868954780182e-29,0.17407765638297903,,,,1.0156584154720527e-29,,0.0,0.3481553118164441,,0.2886751337287873,-0.052540694197011614,-0.5447047796952246,,,,-4.977712310879623e-28,5.039342068301293e-28,-4.976233195883612e-28,,,0.3202563075362689,0.06154574495253953,,
b.3.2,,,,,,,,,,,,,,,1,,,,,,,,,,,,,,,,,,,,,,,,,,,,,,,,,,,,,,,,,,,,,,,,,,,,,,,,,,,,,,,,,,,,,,,,
b.3.3,,,,,,,,,,,,,,,,1,,,,,,,,,,,,,,,,,,,,,,,,,,,,,,,,,,,,,,,,,,,,,,,,,,,,,,,,,,,,,,,,,,,,,,,
b.3.4,,,,,,,,,,,,,,,,,1,,,,,,,,,,,,,,,,,,,,,,,,,,,,,,,,,,,,,,,,,,,,,,,,,,,,,,,,,,,,,,,,,,,,,,
b.6.1,1.7935532814165956e-17,1.7935532814165956e-17,3.099103473893864e-17,3.4689425873436096e-17,3.227973863204708e-17,2.494096729335329e-17,-0.04141226693404389,,,-0.2886751345948132,0.21170244980612155,0.2886751345948129,,1.6595661292033967e-28,,,,1,-0.07362562216350087,-0.07332355766678482,-0.03666177883339243,-0.07362569411757913,-0.07362569411757913,-0.07362569411583927,-0.07362569411757913,2.2461094761596866e-17,-0.08108011033670103,-0.06737137900157564,-0.06780951038619669,-0.0658414065877771,-0.03301804400680271,-0.06647269173657389,6.348908546162809e-17,4.5481655915033204e-17,6.54274417175823e-17,2.414276296438494e-17,2.635157137395094e-17,2.635157137395094e-17,2.635157137395094e-17,1.7407767039059825e-10,0.13878630063959912,-1.36850518059152e-29,-2.7985586320137684e-29,-7.180488270916543e-30,-3.944304526105059e-31,-0.2886751345948132,5.3965571074990704e-17,0.053263938260035,0.028113417417130943,0.05420770865983819,4.262742328750637e-17,,,,-1.5643813276642417e-29,,-1.782851965527733e-10,-8.861418384931359e-30,1.5989384577716252e-10,3.4512664603419266e-31,,-2.9473531021778634e-29,-2.9473531021778634e-29,0.0,,,,3.0075322011551075e-30,,0.0,-4.930380657631324e-32,,-2.868467011655762e-29,9.095691852619744e-30,-1.4791141972893971e-30,,,,-1.4870028062617355e-28,1.507956923956829e-28,-1.4887284393920667e-28,,,-8.38164711797325e-31,-2.3642584538357786e-29,,
c.2.10,0.4553166980822351,0.4553166980822351,0.3896118839499013,0.3792709901294913,0.33213208342552974,0.345453227912438,0.3781233920979625,,,-9.957690520747485e-19,0.22211082436925453,-0.06376165916302641,,-0.14725124388524827,,,,-0.07362562216350087,1,0.9960218716658698,0.9960218716658702,0.999999022704246,0.999999022704246,0.983990907262823,0.999999022704246,0.7334323594597253,0.9080602117801285,0.8482044042859783,0.8538356821695999,0.7999682611083997,0.7812402516075042,0.756815053228643,0.5804343996188698,0.6582259300231202,0.7268642573579928,0.668016156455559,0.6845346843852792,0.6845346843852792,0.6845346843852792,1.1534917378195166e-10,0.010218227814106993,-0.2236419224507919,-0.22700404325341353,0.05095788074391078,-0.2761997612005058,-1.1173937543148545e-18,0.4356827686401034,0.12016532832245937,0.09360556844078466,0.1531230135115023,0.3774206012422539,,,,-0.01079043484168115,,0.050877996299902924,0.008293255451293662,0.23610241584169134,0.012298296858649195,,4.312724026581918e-17,4.312724026581918e-17,0.03844972692183542,,,,-0.020163207155630202,,0.06376165916302641,-0.24075444487419298,,0.19128497683988752,-0.08123516665563021,-0.09357653284820079,,,,-0.03681281086087358,-0.14668489300329665,-0.03681281086087358,,,-0.14038615422212503,0.23005283863295325,,
c.2.2,0.46093391788014776,0.46093391788014776,0.3930525551420746,0.3834740862944492,0.3359377147066485,0.349411495348537,0.3825983360521296,,,1.5974226254737869e-25,0.22119956830911142,-0.06350006363528891,,-0.1466471148936285,,,,-0.07332355766678482,0.9960218716658698,1,0.9919354838366287,0.9960228450747675,0.9960228450747675,0.9798273516863982,0.9960228450747675,0.7290213358526448,0.9034575617714509,0.8447244684761446,0.857675955424359,0.7965748150884944,0.777141142388696,0.7530351978259293,0.5768784069223923,0.6567626500944082,0.7256084138942817,0.6622190848085013,0.679251233311942,0.679251233311942,0.679251233311942,1.1487592709035624e-10,0.010176305399717825,-0.2227243847408939,-0.22607271174051188,0.05074881539209013,-0.2750665939768067,1.6033430265674705e-25,0.43412875096877174,0.11854824155218723,0.09302321117818492,0.15079025868550233,0.3810116013041129,,,,-0.01058334415253538,,0.05959523484699478,0.019271538326458573,0.2476034398133738,0.012247840526438888,,2.842175179490646e-17,2.842175179490646e-17,0.03829197888426064,,,,-0.020080483385797432,,0.06350006363528891,-0.23932486893641708,,0.19050019025816617,-0.0809018824128568,-0.0931926155722767,,,,-0.03666177861342171,-0.14664711495205804,-0.03666177861342171,,,-0.14089399062891383,0.23015040334536827,,
c.2.3,0.46093391788014787,0.46093391788014787,0.3930525551420747,0.3834740862944493,0.33593771470664857,0.34941149534853705,0.37348885182417774,,,-0.06350006363528894,0.2677678986687879,0.0,,-0.1466471148936285,,,,-0.03666177883339243,0.9960218716658702,0.9919354838366287,1,0.9960228450747677,0.9960228450747677,0.9798273516863983,0.9960228450747677,0.7373056692478884,0.9034575617714513,0.8447244684761447,0.850217903606621,0.7965748150884946,0.7844041437500279,0.7530351978259298,0.5853619129450134,0.6634643098212851,0.7330889130428155,0.6716793574928793,0.6881887495812066,0.6881887495812066,0.6881887495812066,1.5316790084884261e-10,0.04070522135463998,-0.22272438474089395,-0.22607271174051188,0.05074881539209013,-0.2750665939768068,-0.06350006363528894,0.44161372947127475,0.130264745862747,0.10539146584025254,0.1627143648054418,0.38754743697250016,,,,-0.010583344152535378,,0.039986480071132785,0.008259230638186201,0.2534654294055259,0.01224784052643889,,2.8421751794906435e-17,2.8421751794906435e-17,0.03829197888426064,,,,-0.02008048338579744,,0.06350006363528893,-0.23932486893641702,,0.19050019025816622,-0.08090188241285685,-0.09319261557227673,,,,-0.03666177861342173,-0.14664711495205807,-0.03666177861342172,,,-0.14089399062891392,0.23015040334536838,,
c.2.4,0.455333625725505,0.455333625725505,0.38953320379382866,0.3793242528488092,0.33217681280610306,0.3454997512977797,0.3781721352990521,,,-9.059453056053945e-19,0.22211104143743227,-0.06376172147708607,,-0.14725138779340435,,,,-0.07362569411757913,0.999999022704246,0.9960228450747675,0.9960228450747677,1,1.0,0.9839918689138984,1.0,0.733455072192327,0.9080610992243853,0.8484377456095565,0.8540723412655524,0.8001980229834191,0.7812550399736423,0.7569410864646233,0.5804533962410484,0.6583123068417107,0.7269552480377055,0.6680647622687617,0.6845741846716521,0.6845741846716521,0.6845741846716521,1.1534927092955747e-10,0.010218237800347408,-0.2236421410153068,-0.227004265103718,0.05095793054487996,-0.27620003112962344,-9.300723565620962e-19,0.43567953155821504,0.12009116957501244,0.09360877145308585,0.1531499062704817,0.3773403353448363,,,,-0.010792999943020212,,0.050840552719956175,0.008293263556264922,0.23599897594593078,0.01229830887773425,,4.313749247029319e-17,4.313749247029319e-17,0.038449764498627,,,,-0.020163226861066204,,0.06376172147708607,-0.24076161221095096,,0.1912851637820843,-0.0812352460464912,-0.09357662430023837,,,,-0.0368128468379125,-0.14667618711678104,-0.0368128468379125,,,-0.14036928726920464,0.23003672446846005,,
c.2.7,0.455333625725505,0.455333625725505,0.38953320379382866,0.3793242528488092,0.33217681280610306,0.3454997512977797,0.3781721352990521,,,-9.059453056053945e-19,0.22211104143743227,-0.06376172147708607,,-0.14725138779340435,,,,-0.07362569411757913,0.999999022704246,0.9960228450747675,0.9960228450747677,1.0,1,0.9839918689138984,1.0,0.733455072192327,0.9080610992243853,0.8484377456095565,0.8540723412655524,0.8001980229834191,0.7812550399736423,0.7569410864646233,0.5804533962410484,0.6583123068417107,0.7269552480377055,0.6680647622687617,0.6845741846716521,0.6845741846716521,0.6845741846716521,1.1534927092955747e-10,0.010218237800347408,-0.2236421410153068,-0.227004265103718,0.05095793054487996,-0.27620003112962344,-9.300723565620962e-19,0.43567953155821504,0.12009116957501244,0.09360877145308585,0.1531499062704817,0.3773403353448363,,,,-0.010792999943020212,,0.050840552719956175,0.008293263556264922,0.23599897594593078,0.01229830887773425,,4.313749247029319e-17,4.313749247029319e-17,0.038449764498627,,,,-0.020163226861066204,,0.06376172147708607,-0.24076161221095096,,0.1912851637820843,-0.0812352460464912,-0.09357662430023837,,,,-0.0368128468379125,-0.14667618711678104,-0.0368128468379125,,,-0.14036928726920464,0.23003672446846005,,
c.2.8,0.4703328510274913,0.4703328510274913,0.39981112472490604,0.39078420005087666,0.3424671409562769,0.3562028036469902,0.3901775998958301,,,1.1297735259250676e-18,0.22211104143218338,-0.0637617214755793,,-0.14725138778992464,,,,-0.07362569411583927,0.983990907262823,0.9798273516863982,0.9798273516863983,0.9839918689138984,0.9839918689138984,1,0.9839918689138984,0.7139586588348841,0.8883908459053714,0.8330919272740485,0.8383927011060942,0.7849734688322004,0.7648459493164286,0.7406529164290205,0.5950945045932194,0.674084043932794,0.7452640983094115,0.6808293855740105,0.6974748042784445,0.6974748042784445,0.6974748042784445,1.1534928440714702e-10,0.010218237800105941,-0.2236421410100218,-0.22700426509835353,0.050957930543675735,-0.2762000311230965,9.47553335865668e-19,0.4361557051142226,0.12974707452937445,0.10562349138155705,0.16164654173744453,0.38782285378623976,,,,-0.010460907645156671,,0.06884105219099383,0.008293263556068938,0.2612484490085884,0.012298308877443627,,5.568797281839429e-17,5.568797281839429e-17,0.038449764497718364,,,,-0.020163226860589707,,0.0637617214755793,-0.23986044584599575,,0.1912851637751729,-0.08123524604457154,-0.09357662429802706,,,,-0.036812846837042536,-0.14782658858042372,-0.036812846837042536,,,-0.14257982722478357,0.23216079394204622,,
c.2.9,0.455333625725505,0.455333625725505,0.38953320379382866,0.3793242528488092,0.33217681280610306,0.3454997512977797,0.3781721352990521,,,-9.059453056053945e-19,0.22211104143743227,-0.06376172147708607,,-0.14725138779340435,,,,-0.07362569411757913,0.999999022704246,0.9960228450747675,0.9960228450747677,1.0,1.0,0.9839918689138984,1,0.733455072192327,0.9080610992243853,0.8484377456095565,0.8540723412655524,0.8001980229834191,0.7812550399736423,0.7569410864646233,0.5804533962410484,0.6583123068417107,0.7269552480377055,0.6680647622687617,0.6845741846716521,0.6845741846716521,0.6845741846716521,1.1534927092955747e-10,0.010218237800347408,-0.2236421410153068,-0.227004265103718,0.05095793054487996,-0.27620003112962344,-9.300723565620962e-19,0.43567953155821504,0.12009116957501244,0.09360877145308585,0.1531499062704817,0.3773403353448363,,,,-0.010792999943020212,,0.050840552719956175,0.008293263556264922,0.23599897594593078,0.01229830887773425,,4.313749247029319e-17,4.313749247029319e-17,0.038449764498627,,,,-0.020163226861066204,,0.06376172147708607,-0.24076161221095096,,0.1912851637820843,-0.0812352460464912,-0.09357662430023837,,,,-0.0368128468379125,-0.14667618711678104,-0.0368128468379125,,,-0.14036928726920464,0.23003672446846005,,
c.3.1,0.4027493536551207,0.4027493536551207,0.41614512152268246,0.38326254233191837,0.5130269567889828,0.49871667455301083,0.3669305911578943,,,-0.06523090624620655,0.06577678090153163,0.0,,-0.03766108128073053,,,,2.2461094761596866e-17,0.7334323594597253,0.7290213358526448,0.7373056692478884,0.733455072192327,0.733455072192327,0.7139586588348841,0.733455072192327,1,0.794427383967068,0.7865217234067967,0.8121018719277987,0.7618326310345573,0.7001048508672891,0.7754127864472963,0.5048582381015906,0.5265097167033101,0.5181178762316313,0.6197011265468344,0.61680510356463,0.61680510356463,0.61680510356463,0.01966785837190287,0.05488184261195998,-0.08289683258875354,-0.08336635690697164,0.1706141220328819,-0.11612226429507168,-0.06523090624620655,0.4786311726268076,0.27059285446471054,0.2286453677392266,0.29815643909135026,0.2993027978433463,,,,0.12956823805693413,,0.04838326558231657,-1.0181225575402905e-10,0.3132220101558779,-1.5098021270698592e-10,,3.294217911737549e-17,3.294217911737549e-17,-0.17701072397931578,,,,-0.04125564751498347,,0.06523090624620649,-0.09591448638595215,,0.13046181193803966,0.12762868691781826,0.10257085441818131,,,,-0.037661081054764005,-0.1537397560617537,-0.03766108105476401,,,-0.06022338296481412,-0.022099232822886374,,
c.3.2,0.4050937255938588,0.4050937255938588,0.4702572789697163,0.46376271414067366,0.4071435356307905,0.42347323738411274,0.4646852065873312,,,7.115562331958936e-18,0.00527608341894111,-0.07021743529322837,,-0.03655250870651067,,,,-0.08108011033670103,0.9080602117801285,0.9034575617714509,0.9034575617714513,0.9080610992243853,0.9080610992243853,0.8883908459053714,0.9080610992243853,0.794427383967068,1,0.8055365283413235,0.8099639346857173,0.7872431716528632,0.7374331618412401,0.7511883783250445,0.6877302583882525,0.5417024633215369,0.6169968397822889,0.742047173472256,0.7010430784327994,0.7010430784327994,0.7010430784327994,0.04442513479862834,0.04076837196993539,-0.0992982253668124,-0.09814572336962003,0.19871041318327207,-0.12800459024692118,7.45175788175418e-18,0.5420834842388517,0.19758542810986385,0.1793735846855346,0.22980508849991355,0.3543378932345638,,,,0.12163348032070759,,0.02355098059801026,-0.010031257340851998,0.26089706131642,-0.014875627715538168,,8.380682966741519e-17,8.380682966741519e-17,-0.10793919460792614,,,,-0.02220470283143773,,0.07021743529322837,-0.16520596995485443,,0.06331080218579388,-0.07306607350921192,-0.05514557023384235,,,,-0.04054005492511014,-0.16614776664876124,-0.04054005492511013,,,-0.021390367776139167,3.2417252823925954e-30,,
c.4.1,0.36636023934905204,0.36636023934905204,0.376694119757231,0.37268569873253615,0.5000491357692215,0.4823040179169796,0.3431701869538489,,,-3.3577760876964297e-18,0.1390611877976605,-0.05834532570335403,,-0.1347427578010372,,,,-0.06737137900157564,0.8482044042859783,0.8447244684761446,0.8447244684761447,0.8484377456095565,0.8484377456095565,0.8330919272740485,0.8484377456095565,0.7865217234067967,0.8055365283413235,1,0.9664986826947167,0.9836744623229067,0.935089513283467,0.8385876642796799,0.4636877227685175,0.5912177698517546,0.6007487499366025,0.6027467001369043,0.5947510283058294,0.5947510283058294,0.5947510283058294,0.017591777676211444,0.02103800507846438,-0.1631222768936208,-0.16511142994407124,0.08336732916535947,-0.20426732869839723,-3.490439435112092e-18,0.41207700626678934,0.22039155620534415,0.22208282311920502,0.25290432895873144,0.33739505859090396,,,,0.029566887711249427,,0.0828427664062319,-9.106525750425271e-11,0.2826513165766458,-1.3504319017199062e-10,,3.3502540768336157e-17,3.3502540768336157e-17,0.0,,,,-0.01845041211539898,,0.05834532570335403,-0.17591777566182873,,0.11669065084659294,-0.058405693556272606,-0.04893001645373921,,,,-0.03368568929867368,-0.16842844709971097,-0.03368568929867369,,,-0.14498270554245452,0.13431044464308062,,
c.4.2,0.39469533309506893,0.39469533309506893,0.3981128952379077,0.3968548285808102,0.5251881297086594,0.5077838846150383,0.3686580918492352,,,1.0394281856851146e-18,0.13996553429701603,-0.05872475861263108,,-0.13561902056896485,,,,-0.06780951038619669,0.8538356821695999,0.857675955424359,0.850217903606621,0.8540723412655524,0.8540723412655524,0.8383927011060942,0.8540723412655524,0.8121018719277987,0.8099639346857173,0.9664986826947167,1,0.911155399638001,0.8594796540900416,0.7843016349880337,0.48515079386850385,0.619768430793017,0.6056784008511126,0.6214077038059853,0.6139041598024654,0.6139041598024654,0.6139041598024654,0.017706181003343018,0.021174820005385737,-0.16418309812211698,-0.1661851870867959,0.08390948584822208,-0.20559572554705563,1.078769087394167e-18,0.436281711380852,0.2492143077499527,0.22328542729358977,0.2811985600086295,0.3747484898238502,,,,0.029230116019135322,,0.06382508040119153,0.010184164675107086,0.25204342293639126,-1.3592140434004474e-10,,4.5528812335489106e-17,4.5528812335489106e-17,-1.3877787807814457e-17,,,,-0.01857039933737284,,0.05872475861263108,-0.17706180892598922,,0.11744951666150451,-0.05878551905141295,-0.04924821946778031,,,,-0.033904754989669786,-0.16952377555863468,-0.03390475498966977,,,-0.14680595656425893,0.13856772316847324,,
c.4.3,0.3287461580390044,0.3287461580390044,0.36353495046604806,0.35894359901962813,0.48338030184833314,0.4659274096959566,0.32973165218372147,,,-4.6325952056945586e-18,0.1045409025950969,-0.057020330725915065,,-0.0987621096841415,,,,-0.0658414065877771,0.7999682611083997,0.7965748150884944,0.7965748150884946,0.8001980229834191,0.8001980229834191,0.7849734688322004,0.8001980229834191,0.7618326310345573,0.7872431716528632,0.9836744623229067,0.911155399638001,1,0.9467277855832447,0.8520988542468905,0.44677509081919486,0.5402008338379334,0.5624586166237382,0.5833565366546961,0.575527712785466,0.575527712785466,0.575527712785466,0.017192276657334377,0.020560241851877437,-0.1391283023591195,-0.14054094589270322,0.09942601575067452,-0.17594377454486224,-5.128359226838754e-18,0.3958135993134304,0.2061077023749798,0.22791095082537594,0.2380151414028898,0.2903865483363304,,,,0.04803063865180257,,0.09011060729662831,-8.899721930132975e-11,0.3012159176040783,-1.3197641937634508e-10,,2.6158526938021077e-17,2.6158526938021077e-17,-0.03438455315212363,,,,-0.018031411911185933,,0.057020330725915065,-0.1461343506011309,,0.11404066090443497,-0.03113417880342998,-0.029886774297609973,,,,-0.03292070309636431,-0.16460351607439427,-0.032920703096364315,,,-0.1256619112487312,0.09396858766665662,,
c.4.4,0.36625995158972086,0.36625995158972086,0.396937522447759,0.3806184808841127,0.5077030833590305,0.4903983412251773,0.3457282244965937,,,-0.05718892978632741,0.1782450199920409,0.0,,-0.09905413202040816,,,,-0.03301804400680271,0.7812402516075042,0.777141142388696,0.7844041437500279,0.7812550399736423,0.7812550399736423,0.7648459493164286,0.7812550399736423,0.7001048508672891,0.7374331618412401,0.935089513283467,0.8594796540900416,0.9467277855832447,1,0.8630968960433465,0.40122155422507705,0.5582513132830523,0.5560565527366659,0.5910337734621636,0.5851684191189136,0.5851684191189136,0.5851684191189136,0.01724311122143266,0.04811574795286824,-0.16570337032451926,-0.16705955644079826,0.08587000075043039,-0.20361231846045644,-0.05718892978632741,0.4319820701587732,0.2085490754835038,0.2269375263435054,0.22775618614305987,0.3202619107243967,,,,0.018676564619916895,,0.09089645682247988,-8.926035901877965e-11,0.3167627468181337,-1.323666506264365e-10,,2.2673280781730886e-17,2.2673280781730886e-17,0.01724311105370422,,,,-0.018084727615732522,,0.05718892978632739,-0.18105266637191902,,0.11437785902364107,-0.12230276096327837,-0.11390554687591947,,,,-0.03301804380869445,-0.16509021963779716,-0.03301804380869444,,,-0.12753386992756716,0.14878414658646064,,
c.5.1,0.34461863116294855,0.34461863116294855,0.37631805413096936,0.36476626677892765,0.49149153291515346,0.4813461308899852,0.37988430842330845,,,-2.7781862776670766e-18,0.1160975607511718,-0.057567039701804906,,-0.03323634566886888,,,,-0.06647269173657389,0.756815053228643,0.7530351978259293,0.7530351978259298,0.7569410864646233,0.7569410864646233,0.7406529164290205,0.7569410864646233,0.7754127864472963,0.7511883783250445,0.8385876642796799,0.7843016349880337,0.8520988542468905,0.8630968960433465,1,0.43479717720175043,0.5058478903619948,0.536897139170382,0.6230186314019609,0.6375258421660772,0.6375258421660772,0.6375258421660772,1.0414268568876059e-10,0.009225499053479528,-0.1404622597517145,-0.14188844766306155,0.10037930898057774,-0.17763071742244704,-2.9388574308829786e-18,0.4198649481119328,0.13740326705833641,0.13994391756738941,0.17348132272625297,0.2319950643424956,,,,0.04836682758159441,,0.0725008184205751,0.007487543017052996,0.2908579138059517,0.01110348370509431,,4.686216420507089e-17,4.686216420507089e-17,-0.06942846213754073,,,,-0.018204296470330228,,0.057567039701804906,-0.13992688302958142,,0.17270111852106987,0.0052387818020137806,-0.030173327664819234,,,,-0.03323634566886882,-0.1315795059042145,-0.033236345668868836,,,-0.07720653547730005,0.09566475461912259,,
d.1.1,0.41919750460387156,0.41919750460387156,0.4540656465975585,0.46457800443333025,0.3669921103405011,0.3889044742420056,0.4464758722799905,,,-0.06679919307912678,-0.012246944055309317,0.06679919307912675,,7.668148728979006e-17,,,,6.348908546162809e-17,0.5804343996188698,0.5768784069223923,0.5853619129450134,0.5804533962410484,0.5804533962410484,0.5950945045932194,0.5804533962410484,0.5048582381015906,0.6877302583882525,0.4636877227685175,0.48515079386850385,0.44677509081919486,0.40122155422507705,0.43479717720175043,1,0.5936353845284583,0.7177312173999467,0.7900076356431452,0.722397907294728,0.722397907294728,0.722397907294728,-1.2084424003156835e-10,0.016057518813904086,0.05093390726873097,0.05488113738890612,0.2297192386423044,0.043601831468887194,-8.091172816596432e-17,0.6322816313355698,0.29974280119568547,0.32930263248252234,0.32038495998501865,0.5276629936290959,,,,0.20972539405590732,,-0.0452996573496176,0.10136393084591605,0.21141134487614852,0.1314185754794299,,1.6464757199377133e-17,1.6464757199377133e-17,-0.08056285780235668,,,,0.04224751907153665,,0.0,-0.030211071623701,,1.6031804614972653e-10,0.05774990202338126,0.03501229052587257,,,,-0.11569959608625165,-0.15426612819213525,-0.11569959608625166,,,0.07110271094191886,-0.07390254244469933,,
d.1.2,0.3703096689254041,0.3703096689254041,0.2888098807668319,0.29902519962045565,0.34354012907489345,0.33828328925658663,0.29597767596789176,,,-0.05276892134602909,0.24186595381365558,0.05276892134602902,,-0.09139845264913139,,,,4.5481655915033204e-17,0.6582259300231202,0.6567626500944082,0.6634643098212851,0.6583123068417107,0.6583123068417107,0.674084043932794,0.6583123068417107,0.5265097167033101,0.5417024633215369,0.5912177698517546,0.619768430793017,0.5402008338379334,0.5582513132830523,0.5058478903619948,0.5936353845284583,1,0.8301892075716615,0.5641913638073591,0.5952057610364359,0.5952057610364359,0.5952057610364359,-0.07955214199015707,-0.040168701553049045,-0.04828311024258928,-0.05298833556817773,0.034504821794489215,-0.09393778175728434,-8.411517720932581e-17,0.47413108835243334,0.32270254163585554,0.3875076432425959,0.4033563074020055,0.37175234678750363,,,,0.0373478667731389,,0.06374216257936507,0.06634686363179398,0.07023464947098167,0.11195829317421155,,4.381857286538226e-17,4.381857286538226e-17,0.09546257003237343,,,,0.06674799224924786,,0.0,-0.0536159637948669,,0.2110756847665029,0.1296577290753444,0.027658429886485793,,,,-0.030466150761179128,-0.11435240187779998,-0.030466150761179124,,,-0.13191967538896296,0.18863637124415225,,
d.4.1,0.3948624803504286,0.3948624803504286,0.3177155745708508,0.33957063462445625,0.2972195665378869,0.30885440112342166,0.3264336185302951,,,-0.05890150907169066,0.26997462349607404,0.058901509071690575,,-0.034006801914175,,,,6.54274417175823e-17,0.7268642573579928,0.7256084138942817,0.7330889130428155,0.7269552480377055,0.7269552480377055,0.7452640983094115,0.7269552480377055,0.5181178762316313,0.6169968397822889,0.6007487499366025,0.6056784008511126,0.5624586166237382,0.5560565527366659,0.536897139170382,0.7177312173999467,0.8301892075716615,1,0.6281358380338422,0.6616457004081788,0.6616457004081788,0.6616457004081788,-0.0887973658278741,-0.04483694338586281,-0.06587090338653451,-0.06990031786589836,0.04707368197493082,-0.1118451688382209,-9.051025517244422e-17,0.5107781357162567,0.30383388963903835,0.3384122713182682,0.341061810002327,0.40364246489050176,,,,-0.016746507391515543,,0.01835655701458626,0.1353463270394217,0.22082165071020662,0.18404617815181057,,3.6898583472294105e-17,3.6898583472294105e-17,0.1420757850791949,,,,0.07450517029152927,,0.0,-0.13215137356974566,,0.23560603560073307,0.0107204456708974,-0.10496745007503527,,,,-0.10202040594656554,-0.12602520752579355,-0.03400680191417494,,,-0.14414417032098323,0.23268946048232683,,
d.5.1,0.4222974200286699,0.4222974200286699,0.466065015014116,0.4465351728126788,0.3873643666324026,0.40299050137586634,0.42940050150670267,,,-0.07449026144849735,0.027314044167137407,0.07449026144849734,,2.5804182484641524e-10,,,,2.414276296438494e-17,0.668016156455559,0.6622190848085013,0.6716793574928793,0.6680647622687617,0.6680647622687617,0.6808293855740105,0.6680647622687617,0.6197011265468344,0.742047173472256,0.6027467001369043,0.6214077038059853,0.5833565366546961,0.5910337734621636,0.6230186314019609,0.7900076356431452,0.5641913638073591,0.6281358380338422,1,0.955082674279767,0.955082674279767,0.955082674279767,-0.044919317827657616,-0.011937557307366516,0.053011739218828895,0.054399995502799184,0.13169223429152382,0.030941286774467534,-5.904410141628756e-17,0.678818524897897,0.18838562948983353,0.1725374882433368,0.21801735119484922,0.3991982191556938,,,,0.21938912550458967,,-0.032569907827219136,0.10334599724129315,0.17309466603358564,0.13218211402958602,,3.3306898876034646e-17,3.3306898876034646e-17,-0.11229829403827941,,,,0.02355588896786832,,0.0,0.02245965921805509,,0.07449026131441484,0.1287981214103171,0.07808701100849656,,,,-0.04300697224125361,-0.21503486198039398,-0.04300697224125359,,,-0.048112052165019556,-0.03741913472079378,,
d.5.2,0.40369643349518597,0.40369643349518597,0.4234548643144168,0.4024642446076743,0.34820399923115725,0.3622597228444627,0.384770491884643,,,-0.07037407332846764,0.14192597551047142,0.07037407332846765,,0.12189147054048367,,,,2.635157137395094e-17,0.6845346843852792,0.679251233311942,0.6881887495812066,0.6845741846716521,0.6845741846716521,0.6974748042784445,0.6845741846716521,0.61680510356463,0.7010430784327994,0.5947510283058294,0.6139041598024654,0.575527712785466,0.5851684191189136,0.6375258421660772,0.722397907294728,0.5952057610364359,0.6616457004081788,0.955082674279767,1,1.0,1.0,-0.10609290717050594,-0.05357007641044634,-0.025041206086168593,-0.025696978029925346,0.0579467940340825,-0.05846306130953918,-4.3931690215976604e-17,0.6160723554888801,0.16422758553250888,0.14444996287225842,0.19309464264401754,0.34049209421668164,,,,0.13737404669778513,,-0.0616249525838238,0.12509522404619505,0.1398281637812525,0.16559906760137685,,3.3392939657725807e-17,3.3392939657725807e-17,-0.10609290698725449,,,,0.02225423599416626,,0.0,0.053046454208307635,,0.2814962923849329,0.16010656012786223,0.0073772069729531285,,,,-0.04063048993637821,-0.20315245041324034,-0.04063048993637822,,,-0.10320612120695516,0.09659982653032166,,
d.5.3,0.40369643349518597,0.40369643349518597,0.4234548643144168,0.4024642446076743,0.34820399923115725,0.3622597228444627,0.384770491884643,,,-0.07037407332846764,0.14192597551047142,0.07037407332846765,,0.12189147054048367,,,,2.635157137395094e-17,0.6845346843852792,0.679251233311942,0.6881887495812066,0.6845741846716521,0.6845741846716521,0.6974748042784445,0.6845741846716521,0.61680510356463,0.7010430784327994,0.5947510283058294,0.6139041598024654,0.575527712785466,0.5851684191189136,0.6375258421660772,0.722397907294728,0.5952057610364359,0.6616457004081788,0.955082674279767,1.0,1,1.0,-0.10609290717050594,-0.05357007641044634,-0.025041206086168593,-0.025696978029925346,0.0579467940340825,-0.05846306130953918,-4.3931690215976604e-17,0.6160723554888801,0.16422758553250888,0.14444996287225842,0.19309464264401754,0.34049209421668164,,,,0.13737404669778513,,-0.0616249525838238,0.12509522404619505,0.1398281637812525,0.16559906760137685,,3.3392939657725807e-17,3.3392939657725807e-17,-0.10609290698725449,,,,0.02225423599416626,,0.0,0.053046454208307635,,0.2814962923849329,0.16010656012786223,0.0073772069729531285,,,,-0.04063048993637821,-0.20315245041324034,-0.04063048993637822,,,-0.10320612120695516,0.09659982653032166,,
d.5.4,0.40369643349518597,0.40369643349518597,0.4234548643144168,0.4024642446076743,0.34820399923115725,0.3622597228444627,0.384770491884643,,,-0.07037407332846764,0.14192597551047142,0.07037407332846765,,0.12189147054048367,,,,2.635157137395094e-17,0.6845346843852792,0.679251233311942,0.6881887495812066,0.6845741846716521,0.6845741846716521,0.6974748042784445,0.6845741846716521,0.61680510356463,0.7010430784327994,0.5947510283058294,0.6139041598024654,0.575527712785466,0.5851684191189136,0.6375258421660772,0.722397907294728,0.5952057610364359,0.6616457004081788,0.955082674279767,1.0,1.0,1,-0.10609290717050594,-0.05357007641044634,-0.025041206086168593,-0.025696978029925346,0.0579467940340825,-0.05846306130953918,-4.3931690215976604e-17,0.6160723554888801,0.16422758553250888,0.14444996287225842,0.19309464264401754,0.34049209421668164,,,,0.13737404669778513,,-0.0616249525838238,0.12509522404619505,0.1398281637812525,0.16559906760137685,,3.3392939657725807e-17,3.3392939657725807e-17,-0.10609290698725449,,,,0.02225423599416626,,0.0,0.053046454208307635,,0.2814962923849329,0.16010656012786223,0.0073772069729531285,,,,-0.04063048993637821,-0.20315245041324034,-0.04063048993637822,,,-0.10320612120695516,0.09659982653032166,,
e.1.1,0.14185428155264387,0.14185428155264387,-1.3330673253655497e-10,-1.30058125104465e-10,-1.139357958777864e-10,-1.1850555344935863e-10,-1.7301481821625058e-10,,,-3.0151136957974466e-10,-0.08291849848325453,3.015113695797444e-10,,-0.08703882781959647,,,,1.7407767039059825e-10,1.1534917378195166e-10,1.1487592709035624e-10,1.5316790084884261e-10,1.1534927092955747e-10,1.1534927092955747e-10,1.1534928440714702e-10,1.1534927092955747e-10,0.01966785837190287,0.04442513479862834,0.017591777676211444,0.017706181003343018,0.017192276657334377,0.01724311122143266,1.0414268568876059e-10,-1.2084424003156835e-10,-0.07955214199015707,-0.0887973658278741,-0.044919317827657616,-0.10609290717050594,-0.10609290717050594,-0.10609290717050594,1,0.9301443649230108,-0.061306732019347214,-0.05504818824568358,0.043811963318364164,-0.035782813397570154,-3.0151136957974466e-10,0.1421608605397265,-5.563236430483882e-11,-5.872701103649613e-11,-5.6618096868200163e-11,0.12413396021782899,,,,0.050251890709282494,,-0.031035464875143665,-0.019608261965971242,0.11133572241723705,-0.029077631571334063,,0.30151134463258406,0.30151134463258406,-1.232595164407831e-32,,,,-0.09534625894189527,,0.6030226892651678,-0.022727272884297524,,0.15075567343188387,0.10975392986773072,0.14223139678685381,,,,-0.1740776554651155,-0.08703882747144126,-0.1740776554651155,,,0.12543630148656104,-0.09642365173454186,,
e.1.2,0.16425801224312886,0.16425801224312886,0.017713500838865255,0.017281832826290817,0.015139535193854931,0.015746751255916555,-0.017242366141807932,,,-0.24038492410231468,0.12119827461100467,0.24038492410231452,,-0.08095867504926473,,,,0.13878630063959912,0.010218227814106993,0.010176305399717825,0.04070522135463998,0.010218237800347408,0.010218237800347408,0.010218237800105941,0.010218237800347408,0.05488184261195998,0.04076837196993539,0.02103800507846438,0.021174820005385737,0.020560241851877437,0.04811574795286824,0.009225499053479528,0.016057518813904086,-0.040168701553049045,-0.04483694338586281,-0.011937557307366516,-0.05357007641044634,-0.05357007641044634,-0.05357007641044634,0.9301443649230108,1,-0.044804658901131576,-0.040230741655956234,0.032018997025512586,-0.02615107177887417,-0.24038492410231468,0.17473266303122945,0.0369615245951852,0.03901757186053444,0.03761643660477474,0.1402044686366013,,,,0.03338679494576745,,-0.07010669553271875,-0.007816506158685527,0.15163893155166974,-0.011591312205628392,,0.2403849241023146,0.2403849241023146,0.0,,,,-0.07601638753300233,,0.6009623102557863,-0.015099746273315416,,0.14022454000119103,0.08568016026103761,0.12389600311861246,,,,-0.13878630015384708,-0.10408972499394728,-0.13878630015384708,,,0.09445027486023272,-0.06406279729866123,,
f.2.1,-0.20157528445268866,-0.20157528445268866,-0.13110212784190708,-0.1279072430201769,-0.11205155302202646,-0.1165457136354607,-0.12761513774686956,,,-6.234317668735011e-29,-0.17940385328037486,0.0,,0.26413527167655054,,,,-1.36850518059152e-29,-0.2236419224507919,-0.2227243847408939,-0.22272438474089395,-0.2236421410153068,-0.2236421410153068,-0.2236421410100218,-0.2236421410153068,-0.08289683258875354,-0.0992982253668124,-0.1631222768936208,-0.16418309812211698,-0.1391283023591195,-0.16570337032451926,-0.1404622597517145,0.05093390726873097,-0.04828311024258928,-0.06587090338653451,0.053011739218828895,-0.025041206086168593,-0.025041206086168593,-0.025041206086168593,-0.061306732019347214,-0.044804658901131576,1,0.9327171275953109,0.47334595467453294,0.9637318453302018,-6.234317668735011e-29,0.31756803585326276,-0.03282739771862275,0.08415844479402085,-0.033409058168102676,0.049704428805835116,,,,-0.042360713875919116,,0.18051704373786273,0.11570390190193038,-0.018770480676435674,0.07549542092421543,,-0.05083285719247283,-0.05083285719247283,0.3371870259914596,,,,0.016074760870228685,,0.0,0.5249388923657291,,-0.2287478557648929,0.2567402331914871,0.050622947684670225,,,,0.32283199845164906,0.16141599922582447,0.32283199845164906,,,0.4934474231952685,-0.2384272324766348,,
f.4.1,-0.2331490906773156,-0.2331490906773156,-0.13453539290236793,-0.13125684134988977,-0.11498592707295573,-0.11959777948029285,-0.1309570865071564,,,-1.298594893239158e-28,-0.2008385780615011,0.0,,0.2635231381167821,,,,-2.7985586320137684e-29,-0.22700404325341353,-0.22607271174051188,-0.22607271174051188,-0.227004265103718,-0.227004265103718,-0.22700426509835353,-0.227004265103718,-0.08336635690697164,-0.09814572336962003,-0.16511142994407124,-0.1661851870867959,-0.14054094589270322,-0.16705955644079826,-0.14188844766306155,0.05488113738890612,-0.05298833556817773,-0.06990031786589836,0.054399995502799184,-0.025696978029925346,-0.025696978029925346,-0.025696978029925346,-0.05504818824568358,-0.040230741655956234,0.9327171275953109,1,0.5339054085860302,0.9614983965317897,-1.298594893239158e-28,0.3389505373181826,0.0505306086472707,0.048896337327576755,0.05142594786331803,0.08456270174933807,,,,-0.03803628857395124,,0.2067219808629837,0.11873392262163926,-1.0112559982849092e-10,0.07747247343396918,,-0.04564354682961753,-0.04564354682961753,0.330289129564181,,,,0.014433756847014922,,0.0,0.3853373175583946,,-0.22821773253230676,0.2554529532080818,0.0526321818006185,,,,0.3162277654239109,0.15811388271195545,0.3162277654239109,,,0.49371044113522394,-0.2432809200207296,,
f.6.1,0.1611438568915976,0.1611438568915976,0.3033778767177891,0.29598472918060187,0.25929374906672503,0.26969349563816525,0.2953087807497656,,,-3.200894190110816e-29,-0.1731645266502992,0.0,,0.13982253786449417,,,,-7.180488270916543e-30,0.05095788074391078,0.05074881539209013,0.05074881539209013,0.05095793054487996,0.05095793054487996,0.050957930543675735,0.05095793054487996,0.1706141220328819,0.19871041318327207,0.08336732916535947,0.08390948584822208,0.09942601575067452,0.08587000075043039,0.10037930898057774,0.2297192386423044,0.034504821794489215,0.04707368197493082,0.13169223429152382,0.0579467940340825,0.0579467940340825,0.0579467940340825,0.043811963318364164,0.032018997025512586,0.47334595467453294,0.5339054085860302,1,0.5101606899358451,-3.200894190110816e-29,0.2612012783384876,0.2010824735388004,0.18632415601599175,0.20464540359325187,0.2604840055186546,,,,0.030272467548424192,,0.15081612660055463,0.10237327761707882,0.1330226683458661,0.06679734700428443,,0.036326960762044266,0.036326960762044266,0.10222791465645646,,,,-0.011487593647962622,,0.0,0.14969087477463303,,-0.12108986982679432,0.12727591495726764,0.0533134035986151,,,,0.09787577629541214,0.04893788814770607,0.09787577629541214,,,0.2787495844818908,-0.19362335259758176,,
f.6.2,-0.24328280651929898,-0.24328280651929898,-0.1530403862203093,-0.14931087843049984,-0.13080194222137462,-0.13604814293022555,-0.14896989308892056,,,-2.785665071561698e-30,-0.2284634020192382,0.0,,0.2740754837109801,,,,-3.944304526105059e-31,-0.2761997612005058,-0.2750665939768067,-0.2750665939768068,-0.27620003112962344,-0.27620003112962344,-0.2762000311230965,-0.27620003112962344,-0.11612226429507168,-0.12800459024692118,-0.20426732869839723,-0.20559572554705563,-0.17594377454486224,-0.20361231846045644,-0.17763071742244704,0.043601831468887194,-0.09393778175728434,-0.1118451688382209,0.030941286774467534,-0.05846306130953918,-0.05846306130953918,-0.05846306130953918,-0.035782813397570154,-0.02615107177887417,0.9637318453302018,0.9614983965317897,0.5101606899358451,1,-2.785665071561698e-30,0.33223917182099205,0.03832064161206799,0.08957293210004098,0.038999635476141145,0.06107560729777877,,,,-0.02472461775905457,,0.20156232993386186,0.13506546480787177,0.008216804700985287,0.08812861062056337,,-0.029669541876070182,-0.029669541876070182,0.3220453202365686,,,,0.009382332946212726,,0.0,0.5412150516318578,,-0.237356331839855,0.2632521221071114,0.06220426126442178,,,,0.30833491886651804,0.15416745943325902,0.30833491886651804,,,0.518417564418885,-0.2719994021306523,,
g.1.1,-0.06721106123027451,-0.06721106123027451,-4.167089772529185e-17,-7.350506852993402e-17,-7.07213788446956e-17,-6.233201792153483e-17,0.07172815038636872,,,0.5000000000000007,-0.36667939915100267,-0.5000000000000003,,7.753971534874569e-28,,,,-0.2886751345948132,-1.1173937543148545e-18,1.6033430265674705e-25,-0.06350006363528894,-9.300723565620962e-19,-9.300723565620962e-19,9.47553335865668e-19,-9.300723565620962e-19,-0.06523090624620655,7.45175788175418e-18,-3.490439435112092e-18,1.078769087394167e-18,-5.128359226838754e-18,-0.05718892978632741,-2.9388574308829786e-18,-8.091172816596432e-17,-8.411517720932581e-17,-9.051025517244422e-17,-5.904410141628756e-17,-4.3931690215976604e-17,-4.3931690215976604e-17,-4.3931690215976604e-17,-3.0151136957974466e-10,-0.24038492410231468,-6.234317668735011e-29,-1.298594893239158e-28,-3.200894190110816e-29,-2.785665071561698e-30,1,-8.717957493675085e-17,-0.13838377063962118,-1.0562007171843292e-16,-0.14083575805942505,-0.05146322140656053,,,,-7.040583578698169e-29,,0.2573324818570386,0.23845524133760734,-0.04615735210771056,0.17359126849217246,,-1.3509243001732333e-28,-1.3509243001732333e-28,0.0,,,,1.4100888680825586e-29,,0.0,0.0,,-1.323314168490498e-28,4.35582563550467e-29,-6.7053176943786e-30,,,,-6.967735206043952e-28,7.062057052453916e-28,-6.9713380483535e-28,,,-2.3665827156630354e-30,-1.1117546514415046e-28,,
g.1.2,0.2417263283268202,0.2417263283268202,0.2982829544346314,0.2885539193655183,0.2803238747133124,0.28416584301361414,0.26134514608038334,,,-0.05893677954003901,-0.016208177153862982,0.058936779540038925,,0.20416299278734065,,,,5.3965571074990704e-17,0.4356827686401034,0.43412875096877174,0.44161372947127475,0.43567953155821504,0.43567953155821504,0.4361557051142226,0.43567953155821504,0.4786311726268076,0.5420834842388517,0.41207700626678934,0.436281711380852,0.3958135993134304,0.4319820701587732,0.4198649481119328,0.6322816313355698,0.47413108835243334,0.5107781357162567,0.678818524897897,0.6160723554888801,0.6160723554888801,0.6160723554888801,0.1421608605397265,0.17473266303122945,0.31756803585326276,0.3389505373181826,0.2612012783384876,0.33223917182099205,-8.717957493675085e-17,1,0.3735852449757491,0.38553129476043324,0.38112697578912114,0.47247642682069524,,,,0.010091914089944299,,0.05263614789636038,0.112430271880388,0.1971656073140928,0.15005335133211284,,0.05893677954003895,0.05893677954003895,0.21226758704089543,,,,-0.002042459833031734,,0.05893677918641826,0.2398964524115893,,1.4144823377125911e-10,0.029498879360941515,-0.10503030468661934,,,,-0.20416299278734049,-0.40832598557468125,-0.2381901583199515,,,0.24563966228108663,-0.06454810072338354,,
g.2.1,0.11605622942318754,0.11605622942318754,0.19359738951071886,0.18545476405043548,0.2698609887666795,0.2552302944368927,0.13934991913852476,,,-0.046127923638796274,-0.08034225613231546,0.09225584700082488,,-0.026631968970225576,,,,0.053263938260035,0.12016532832245937,0.11854824155218723,0.130264745862747,0.12009116957501244,0.12009116957501244,0.12974707452937445,0.12009116957501244,0.27059285446471054,0.19758542810986385,0.22039155620534415,0.2492143077499527,0.2061077023749798,0.2085490754835038,0.13740326705833641,0.29974280119568547,0.32270254163585554,0.30383388963903835,0.18838562948983353,0.16422758553250888,0.16422758553250888,0.16422758553250888,-5.563236430483882e-11,0.0369615245951852,-0.03282739771862275,0.0505306086472707,0.2010824735388004,0.03832064161206799,-0.13838377063962118,0.3735852449757491,1,0.8506886256810732,0.9313398786061462,0.257650819495192,,,,0.11350458968135704,,0.04203451906815712,0.07999596474067255,0.136455809004199,0.05694154499572596,,0.09225584700082488,0.09225584700082488,-0.076880843133746,,,,0.028363475482792125,,-0.09225584700082488,0.027816184633690014,,1.107069978120369e-10,0.01469225248183379,0.0338486419998827,,,,-0.05326393810024315,-0.18642378359053882,-0.13315984533050382,,,-0.07978221201181022,-0.06706586964200098,,
g.2.2,0.09769930965935675,0.09769930965935675,0.1838385315876438,0.1731135324326711,0.2565864517670186,0.24126106553821788,0.12949743007818948,,,-0.04869386734086265,-0.06695639221260599,0.0973877343895619,,1.144483549200151e-16,,,,0.028113417417130943,0.09360556844078466,0.09302321117818492,0.10539146584025254,0.09360877145308585,0.09360877145308585,0.10562349138155705,0.09360877145308585,0.2286453677392266,0.1793735846855346,0.22208282311920502,0.22328542729358977,0.22791095082537594,0.2269375263435054,0.13994391756738941,0.32930263248252234,0.3875076432425959,0.3384122713182682,0.1725374882433368,0.14444996287225842,0.14444996287225842,0.14444996287225842,-5.872701103649613e-11,0.03901757186053444,0.08415844479402085,0.048896337327576755,0.18632415601599175,0.08957293210004098,-1.0562007171843292e-16,0.38553129476043324,0.8506886256810732,1,0.8009825653643714,0.21495435501848076,,,,0.10516046455840532,,0.16286138101222575,0.204781248048252,0.18377994144039336,0.1596645703020686,,0.09738773438956189,0.09738773438956189,-0.042804548604215405,,,,0.04879759712147511,,-0.09738773438956189,0.1761810404871147,,1.168652476992142e-10,0.02437212451180748,0.020418017161740392,,,,-0.05622683466558137,-0.19679392158255551,-0.14056708674829352,,,-0.04108639097349311,-0.08085925014292177,,
g.2.3,0.14574616599486193,0.14574616599486193,0.2126129944815743,0.1998572412492603,0.28671211935043106,0.27195990063322456,0.1634877605713369,,,-0.04694525278036567,-0.07746235629672112,0.09389050527905961,,-0.027103854167295872,,,,0.05420770865983819,0.1531230135115023,0.15079025868550233,0.1627143648054418,0.1531499062704817,0.1531499062704817,0.16164654173744453,0.1531499062704817,0.29815643909135026,0.22980508849991355,0.25290432895873144,0.2811985600086295,0.2380151414028898,0.22775618614305987,0.17348132272625297,0.32038495998501865,0.4033563074020055,0.341061810002327,0.21801735119484922,0.19309464264401754,0.19309464264401754,0.19309464264401754,-5.6618096868200163e-11,0.03761643660477474,-0.033409058168102676,0.05142594786331803,0.20464540359325187,0.038999635476141145,-0.14083575805942505,0.38112697578912114,0.9313398786061462,0.8009825653643714,1,0.21301227584574287,,,,0.11508107084900947,,0.012649034247203688,0.08141339323154688,0.09560094699283801,0.05795047798944618,,0.09389050527905962,0.09389050527905962,-0.07667035042419058,,,,0.03216501689724853,,-0.0938905052790596,0.02830905265190853,,1.1266859458612284e-10,0.014952580828774535,0.03444839762135151,,,,-0.054207708497215054,-0.18972697998418733,-0.13551927132434907,,,-0.08191920143334122,-0.06547398147964124,,
g.3.2,0.3132401253457509,0.3132401253457509,0.3045106525692709,0.2897116929121327,0.2797464822110556,0.2822950348863406,0.24679912463503006,,,-0.10292644250434163,0.16039927592175848,0.10292644250434155,,-0.08913691401905513,,,,4.262742328750637e-17,0.3774206012422539,0.3810116013041129,0.38754743697250016,0.3773403353448363,0.3773403353448363,0.38782285378623976,0.3773403353448363,0.2993027978433463,0.3543378932345638,0.33739505859090396,0.3747484898238502,0.2903865483363304,0.3202619107243967,0.2319950643424956,0.5276629936290959,0.37175234678750363,0.40364246489050176,0.3991982191556938,0.34049209421668164,0.34049209421668164,0.34049209421668164,0.12413396021782899,0.1402044686366013,0.049704428805835116,0.08456270174933807,0.2604840055186546,0.06107560729777877,-0.05146322140656053,0.47247642682069524,0.257650819495192,0.21495435501848076,0.21301227584574287,1,,,,0.031771894790951306,,0.06029532139044083,0.05354912673915528,0.4421800578898377,-0.011911421135869273,,0.05146322140656047,0.05146322140656047,0.17986311521319154,,,,-0.06693009934512875,,0.05146322109778111,-0.023275117640820145,,1.8526754033460593e-10,-0.07493304465271743,-0.09710660603271004,,,,-0.08913691401905514,-0.14856152330566733,-0.11884921875149812,,,0.08141828804303892,0.06011417313901497,,
g.4.1,,,,,,,,,,,,,,,,,,,,,,,,,,,,,,,,,,,,,,,,,,,,,,,,,,,,1,,,,,,,,,,,,,,,,,,,,,,,,,,,,,,,,,,,
g.4.2,,,,,,,,,,,,,,,,,,,,,,,,,,,,,,,,,,,,,,,,,,,,,,,,,,,,,1,,,,,,,,,,,,,,,,,,,,,,,,,,,,,,,,,,
g.4.3,,,,,,,,,,,,,,,,,,,,,,,,,,,,,,,,,,,,,,,,,,,,,,,,,,,,,,1,,,,,,,,,,,,,,,,,,,,,,,,,,,,,,,,,
g.4.4,0.22204202152640864,0.22204202152640864,0.31376312652916366,0.3072658605440486,0.27018298005985947,0.2808699136138463,0.30711771381917785,,,-7.11946966922027e-29,-0.18333969939216133,0.0,,-0.14433756754999696,,,,-1.5643813276642417e-29,-0.01079043484168115,-0.01058334415253538,-0.010583344152535378,-0.010792999943020212,-0.010792999943020212,-0.010460907645156671,-0.010792999943020212,0.12956823805693413,0.12163348032070759,0.029566887711249427,0.029230116019135322,0.04803063865180257,0.018676564619916895,0.04836682758159441,0.20972539405590732,0.0373478667731389,-0.016746507391515543,0.21938912550458967,0.13737404669778513,0.13737404669778513,0.13737404669778513,0.050251890709282494,0.03338679494576745,-0.042360713875919116,-0.03803628857395124,0.030272467548424192,-0.02472461775905457,-7.040583578698169e-29,0.010091914089944299,0.11350458968135704,0.10516046455840532,0.11508107084900947,0.031771894790951306,,,,1,,-0.030526696336325838,-0.010838874595662367,0.03272349583051869,-0.016073265579964,,8.960966845328132e-30,8.960966845328132e-30,-0.6281486345147369,,,,-8.997944700177166e-31,,0.0,0.012562972847491763,,-0.1666666664916668,0.10996214134602583,0.2533355027001885,,,,0.09622504493710633,-4.6315142244264763e-29,4.5723496565349004e-29,,,-0.18490006525480038,-0.31980107486048504,,
g.4.5,,,,,,,,,,,,,,,,,,,,,,,,,,,,,,,,,,,,,,,,,,,,,,,,,,,,,,,,1,,,,,,,,,,,,,,,,,,,,,,,,,,,,,,,
h.2.1,-0.09482052410670798,-0.09482052410670798,-0.08923451203500561,-0.10251305273106823,-0.05148073813472426,-0.0640563146560847,-0.10029092266252729,,,0.2058659856709103,0.0849226678167146,-0.05146649649492728,,-0.0891425866384945,,,,-1.782851965527733e-10,0.050877996299902924,0.05959523484699478,0.039986480071132785,0.050840552719956175,0.050840552719956175,0.06884105219099383,0.050840552719956175,0.04838326558231657,0.02355098059801026,0.0828427664062319,0.06382508040119153,0.09011060729662831,0.09089645682247988,0.0725008184205751,-0.0452996573496176,0.06374216257936507,0.01835655701458626,-0.032569907827219136,-0.0616249525838238,-0.0616249525838238,-0.0616249525838238,-0.031035464875143665,-0.07010669553271875,0.18051704373786273,0.2067219808629837,0.15081612660055463,0.20156232993386186,0.2573324818570386,0.05263614789636038,0.04203451906815712,0.16286138101222575,0.012649034247203688,0.06029532139044083,,,,-0.030526696336325838,,1,0.3168524959686296,0.41164505931445994,0.20250704652344925,,0.0514664964949273,0.0514664964949273,0.12596747577578027,,,,0.04355992058336494,,-0.10293299268105559,0.04404297607960152,,-0.1029329924067694,-0.01639264676614164,0.037766083414025924,,,,0.11885678206580239,0.10225179048250851,0.029714195427308056,,,0.12510949618656908,-0.0022590839395863573,,
h.2.2,0.02913969061856157,0.02913969061856157,-0.019168697973437558,-0.018701567628447924,-0.016383276249519987,-0.017040376243708657,-0.01865885834635886,,,-4.1900897763020716e-29,0.0357695282357795,0.0,,0.03754696307759013,,,,-8.861418384931359e-30,0.008293255451293662,0.019271538326458573,0.008259230638186201,0.008293263556264922,0.008293263556264922,0.008293263556068938,0.008293263556264922,-1.0181225575402905e-10,-0.010031257340851998,-9.106525750425271e-11,0.010184164675107086,-8.899721930132975e-11,-8.926035901877965e-11,0.007487543017052996,0.10136393084591605,0.06634686363179398,0.1353463270394217,0.10334599724129315,0.12509522404619505,0.12509522404619505,0.12509522404619505,-0.019608261965971242,-0.007816506158685527,0.11570390190193038,0.11873392262163926,0.10237327761707882,0.13506546480787177,0.23845524133760734,0.112430271880388,0.07999596474067255,0.204781248048252,0.08141339323154688,0.05354912673915528,,,,-0.010838874595662367,,0.3168524959686296,1,0.29417272569753083,0.8830666222717405,,5.21958190729132e-30,5.21958190729132e-30,0.0,,,,-5.423418723394456e-31,,0.0,0.009804131066766367,,0.06503324760323903,0.011836460906234038,-0.020452010251403512,,,,-0.03754696307759012,-0.07509392615518032,-0.03754696307759012,,,-0.03607395528493334,0.0415954049724476,,
h.2.3,0.09797663003711929,0.09797663003711929,0.1724990214122794,0.18969130853750737,0.254688597603978,0.2482963938500617,0.1570926487138771,,,-0.09231470393847682,0.1565557885887372,0.09231470393847667,,0.0799468788335071,,,,1.5989384577716252e-10,0.23610241584169134,0.2476034398133738,0.2534654294055259,0.23599897594593078,0.23599897594593078,0.2612484490085884,0.23599897594593078,0.3132220101558779,0.26089706131642,0.2826513165766458,0.25204342293639126,0.3012159176040783,0.3167627468181337,0.2908579138059517,0.21141134487614852,0.07023464947098167,0.22082165071020662,0.17309466603358564,0.1398281637812525,0.1398281637812525,0.1398281637812525,0.11133572241723705,0.15163893155166974,-0.018770480676435674,-1.0112559982849092e-10,0.1330226683458661,0.008216804700985287,-0.04615735210771056,0.1971656073140928,0.136455809004199,0.18377994144039336,0.09560094699283801,0.4421800578898377,,,,0.03272349583051869,,0.41164505931445994,0.29417272569753083,1,0.17271417550480783,,-0.04615735183076622,-0.04615735183076622,0.006854624753561415,,,,-0.04030304053155012,,0.138472056046187,-0.06096461677570044,,-9.672382049721998e-11,-0.0630069674147217,-0.1112879204100973,,,,-0.05329791932893391,-0.019887283348397088,-1.5989388091752075e-10,,,0.051398055298477116,-0.0026437918513070894,,
h.2.4,0.06741079728855379,0.06741079728855379,0.01137031586620164,0.01109322768939484,0.009718084459279274,0.0101078571240663,0.011067893781560083,,,1.7749370367472766e-30,0.053043618313822795,0.0,,0.0556794253813699,,,,3.4512664603419266e-31,0.012298296858649195,0.012247840526438888,0.01224784052643889,0.01229830887773425,0.01229830887773425,0.012298308877443627,0.01229830887773425,-1.5098021270698592e-10,-0.014875627715538168,-1.3504319017199062e-10,-1.3592140434004474e-10,-1.3197641937634508e-10,-1.323666506264365e-10,0.01110348370509431,0.1314185754794299,0.11195829317421155,0.18404617815181057,0.13218211402958602,0.16559906760137685,0.16559906760137685,0.16559906760137685,-0.029077631571334063,-0.011591312205628392,0.07549542092421543,0.07747247343396918,0.06679734700428443,0.08812861062056337,0.17359126849217246,0.15005335133211284,0.05694154499572596,0.1596645703020686,0.05795047798944618,-0.011911421135869273,,,,-0.016073265579964,,0.20250704652344925,0.8830666222717405,0.17271417550480783,1,,-2.2186712959340957e-31,-2.2186712959340957e-31,0.0,,,,0.0,,0.0,0.014538815909907807,,0.09643959352318161,0.01755261378786482,-0.030328849135915856,,,,-0.05567942538136988,-0.11135885076273987,-0.05567942538136988,,,-0.05349506156723331,0.06168297133872767,,
i.1.1,,,,,,,,,,,,,,,,,,,,,,,,,,,,,,,,,,,,,,,,,,,,,,,,,,,,,,,,,,,,,1,,,,,,,,,,,,,,,,,,,,,,,,,,
i.1.3,0.06721106123027452,0.06721106123027452,4.077428908679324e-17,3.777212615763161e-17,-3.660473629741589e-18,2.4742058815421814e-17,2.603641277711253e-17,,,-1.3469799956471283e-28,-1.000313100053928e-29,0.0,,-9.633868954780182e-29,,,,-2.9473531021778634e-29,4.312724026581918e-17,2.842175179490646e-17,2.8421751794906435e-17,4.313749247029319e-17,4.313749247029319e-17,5.568797281839429e-17,4.313749247029319e-17,3.294217911737549e-17,8.380682966741519e-17,3.3502540768336157e-17,4.5528812335489106e-17,2.6158526938021077e-17,2.2673280781730886e-17,4.686216420507089e-17,1.6464757199377133e-17,4.381857286538226e-17,3.6898583472294105e-17,3.3306898876034646e-17,3.3392939657725807e-17,3.3392939657725807e-17,3.3392939657725807e-17,0.30151134463258406,0.2403849241023146,-0.05083285719247283,-0.04564354682961753,0.036326960762044266,-0.029669541876070182,-1.3509243001732333e-28,0.05893677954003895,0.09225584700082488,0.09738773438956189,0.09389050527905962,0.05146322140656047,,,,8.960966845328132e-30,,0.0514664964949273,5.21958190729132e-30,-0.04615735183076622,-2.2186712959340957e-31,,1,1.0,-2.465190328815662e-32,,,,-8.326672684688674e-17,,-0.49999999999999983,1.4791141972893971e-31,,0.5000000015000001,0.22750787762434171,0.15724272559295713,,,,8.812477022241946e-29,-8.911084635394573e-29,-0.28867513459481253,,,0.13867504910751047,1.404357857223435e-29,,
i.1.4,0.06721106123027452,0.06721106123027452,4.077428908679324e-17,3.777212615763161e-17,-3.660473629741589e-18,2.4742058815421814e-17,2.603641277711253e-17,,,-1.3469799956471283e-28,-1.000313100053928e-29,0.0,,-9.633868954780182e-29,,,,-2.9473531021778634e-29,4.312724026581918e-17,2.842175179490646e-17,2.8421751794906435e-17,4.313749247029319e-17,4.313749247029319e-17,5.568797281839429e-17,4.313749247029319e-17,3.294217911737549e-17,8.380682966741519e-17,3.3502540768336157e-17,4.5528812335489106e-17,2.6158526938021077e-17,2.2673280781730886e-17,4.686216420507089e-17,1.6464757199377133e-17,4.381857286538226e-17,3.6898583472294105e-17,3.3306898876034646e-17,3.3392939657725807e-17,3.3392939657725807e-17,3.3392939657725807e-17,0.30151134463258406,0.2403849241023146,-0.05083285719247283,-0.04564354682961753,0.036326960762044266,-0.029669541876070182,-1.3509243001732333e-28,0.05893677954003895,0.09225584700082488,0.09738773438956189,0.09389050527905962,0.05146322140656047,,,,8.960966845328132e-30,,0.0514664964949273,5.21958190729132e-30,-0.04615735183076622,-2.2186712959340957e-31,,1.0,1,-2.465190328815662e-32,,,,-8.326672684688674e-17,,-0.49999999999999983,1.4791141972893971e-31,,0.5000000015000001,0.22750787762434171,0.15724272559295713,,,,8.812477022241946e-29,-8.911084635394573e-29,-0.28867513459481253,,,0.13867504910751047,1.404357857223435e-29,,
i.2.3,-0.08105958972393956,-0.08105958972393956,-0.17774231099369234,-0.17341083124640885,-0.15191440682476057,-0.1580073856845079,-0.17301480818266657,,,0.0,0.1658369976198063,0.0,,0.17407765638297903,,,,0.0,0.03844972692183542,0.03829197888426064,0.03829197888426064,0.038449764498627,0.038449764498627,0.038449764497718364,0.038449764498627,-0.17701072397931578,-0.10793919460792614,0.0,-1.3877787807814457e-17,-0.03438455315212363,0.01724311105370422,-0.06942846213754073,-0.08056285780235668,0.09546257003237343,0.1420757850791949,-0.11229829403827941,-0.10609290698725449,-0.10609290698725449,-0.10609290698725449,-1.232595164407831e-32,0.0,0.3371870259914596,0.330289129564181,0.10222791465645646,0.3220453202365686,0.0,0.21226758704089543,-0.076880843133746,-0.042804548604215405,-0.07667035042419058,0.17986311521319154,,,,-0.6281486345147369,,0.12596747577578027,0.0,0.006854624753561415,0.0,,-2.465190328815662e-32,-2.465190328815662e-32,1,,,,0.3813850354902084,,0.0,0.18181818139669423,,-2.465190328815662e-32,-0.22636748056055556,-0.4108907022462836,,,,-1.9721522630525295e-31,1.9721522630525295e-31,-1.9721522630525295e-31,,,0.41812100513056055,0.2249885208395737,,
i.2.5,,,,,,,,,,,,,,,,,,,,,,,,,,,,,,,,,,,,,,,,,,,,,,,,,,,,,,,,,,,,,,,,,1,,,,,,,,,,,,,,,,,,,,,,
i.3.1,,,,,,,,,,,,,,,,,,,,,,,,,,,,,,,,,,,,,,,,,,,,,,,,,,,,,,,,,,,,,,,,,,1,,,,,,,,,,,,,,,,,,,,,
i.3.2,,,,,,,,,,,,,,,,,,,,,,,,,,,,,,,,,,,,,,,,,,,,,,,,,,,,,,,,,,,,,,,,,,,1,,,,,,,,,,,,,,,,,,,,
i.3.3,0.08501601485035845,0.08501601485035845,0.0233022136057129,0.0682030553205156,0.059748440268589144,0.06214482907112934,0.06804729813550886,,,1.4100888680825586e-29,1.1339875512552045e-30,0.0,,1.0156584154720527e-29,,,,3.0075322011551075e-30,-0.020163207155630202,-0.020080483385797432,-0.02008048338579744,-0.020163226861066204,-0.020163226861066204,-0.020163226860589707,-0.020163226861066204,-0.04125564751498347,-0.02220470283143773,-0.01845041211539898,-0.01857039933737284,-0.018031411911185933,-0.018084727615732522,-0.018204296470330228,0.04224751907153665,0.06674799224924786,0.07450517029152927,0.02355588896786832,0.02225423599416626,0.02225423599416626,0.02225423599416626,-0.09534625894189527,-0.07601638753300233,0.016074760870228685,0.014433756847014922,-0.011487593647962622,0.009382332946212726,1.4100888680825586e-29,-0.002042459833031734,0.028363475482792125,0.04879759712147511,0.03216501689724853,-0.06693009934512875,,,,-8.997944700177166e-31,,0.04355992058336494,-5.423418723394456e-31,-0.04030304053155012,0.0,,-8.326672684688674e-17,-8.326672684688674e-17,0.3813850354902084,,,,1,,-0.1581138830084195,0.0,,-0.1581138831032878,-0.07194430789237795,-0.049724515836659655,,,,-9.564938475804768e-30,9.564938475804768e-30,-0.09128709291752787,,,-0.043852900981543465,-1.5037661005775538e-30,,
i.3.4,,,,,,,,,,,,,,,,,,,,,,,,,,,,,,,,,,,,,,,,,,,,,,,,,,,,,,,,,,,,,,,,,,,,,1,,,,,,,,,,,,,,,,,,
i.3.5,0.06721106082700815,0.06721106082700815,0.0,0.0,0.0,0.0,0.0,,,0.0,0.0,0.0,,0.0,,,,0.0,0.06376165916302641,0.06350006363528891,0.06350006363528893,0.06376172147708607,0.06376172147708607,0.0637617214755793,0.06376172147708607,0.06523090624620649,0.07021743529322837,0.05834532570335403,0.05872475861263108,0.057020330725915065,0.05718892978632739,0.057567039701804906,0.0,0.0,0.0,0.0,0.0,0.0,0.0,0.6030226892651678,0.6009623102557863,0.0,0.0,0.0,0.0,0.0,0.05893677918641826,-0.09225584700082488,-0.09738773438956189,-0.0938905052790596,0.05146322109778111,,,,0.0,,-0.10293299268105559,0.0,0.138472056046187,0.0,,-0.49999999999999983,-0.49999999999999983,0.0,,,,-0.1581138830084195,,1,0.0,,-6.000000502442226e-10,0.0,0.0,,,,0.0,0.0,0.28867513459481253,,,0.0,0.0,,
i.3.6,-0.15670595311517083,-0.15670595311517083,-0.15156792977588152,-0.15099213664492653,-0.13500612541155185,-0.14001510649540003,-0.15214946619025413,,,0.0,-0.08291849858376181,0.0,,0.3481553118164441,,,,-4.930380657631324e-32,-0.24075444487419298,-0.23932486893641708,-0.23932486893641702,-0.24076161221095096,-0.24076161221095096,-0.23986044584599575,-0.24076161221095096,-0.09591448638595215,-0.16520596995485443,-0.17591777566182873,-0.17706180892598922,-0.1461343506011309,-0.18105266637191902,-0.13992688302958142,-0.030211071623701,-0.0536159637948669,-0.13215137356974566,0.02245965921805509,0.053046454208307635,0.053046454208307635,0.053046454208307635,-0.022727272884297524,-0.015099746273315416,0.5249388923657291,0.3853373175583946,0.14969087477463303,0.5412150516318578,0.0,0.2398964524115893,0.027816184633690014,0.1761810404871147,0.02830905265190853,-0.023275117640820145,,,,0.012562972847491763,,0.04404297607960152,0.009804131066766367,-0.06096461677570044,0.014538815909907807,,1.4791141972893971e-31,1.4791141972893971e-31,0.18181818139669423,,,,0.0,,0.0,1,,0.0753778363952435,0.3738493239457797,0.08691918761538504,,,,0.13055824206172467,-0.13055824206172492,-1.9721522630525295e-31,,,0.20906050179441732,-0.11249426025761984,,
j.1.1,,,,,,,,,,,,,,,,,,,,,,,,,,,,,,,,,,,,,,,,,,,,,,,,,,,,,,,,,,,,,,,,,,,,,,,,1,,,,,,,,,,,,,,,
j.2.1,0.06721106125623821,0.06721106125623821,4.845241483166188e-11,5.554419732168487e-11,5.590583185603844e-11,5.707130300088334e-11,5.940300163044896e-11,,,-1.323314168490498e-28,0.27500954838696756,0.0,,0.2886751337287873,,,,-2.868467011655762e-29,0.19128497683988752,0.19050019025816617,0.19050019025816622,0.1912851637820843,0.1912851637820843,0.1912851637751729,0.1912851637820843,0.13046181193803966,0.06331080218579388,0.11669065084659294,0.11744951666150451,0.11404066090443497,0.11437785902364107,0.17270111852106987,1.6031804614972653e-10,0.2110756847665029,0.23560603560073307,0.07449026131441484,0.2814962923849329,0.2814962923849329,0.2814962923849329,0.15075567343188387,0.14022454000119103,-0.2287478557648929,-0.22821773253230676,-0.12108986982679432,-0.237356331839855,-1.323314168490498e-28,1.4144823377125911e-10,1.107069978120369e-10,1.168652476992142e-10,1.1266859458612284e-10,1.8526754033460593e-10,,,,-0.1666666664916668,,-0.1029329924067694,0.06503324760323903,-9.672382049721998e-11,0.09643959352318161,,0.5000000015000001,0.5000000015000001,-2.465190328815662e-32,,,,-0.1581138831032878,,-6.000000502442226e-10,0.0753778363952435,,1,0.3185110286467774,8.176621046906973e-10,,,,8.595540273306168e-29,3.464101905222912e-10,-3.4641019052229054e-10,,,9.984603144275184e-10,0.31980107372519145,,
j.2.2,-0.04893134697624944,-0.04893134697624944,-0.13411693021669432,-0.13084857636355884,-0.11462827159792001,-0.11922577916928,-0.13054975388675416,,,4.35582563550467e-29,-0.07508020665619385,0.0,,-0.052540694197011614,,,,9.095691852619744e-30,-0.08123516665563021,-0.0809018824128568,-0.08090188241285685,-0.0812352460464912,-0.0812352460464912,-0.08123524604457154,-0.0812352460464912,0.12762868691781826,-0.07306607350921192,-0.058405693556272606,-0.05878551905141295,-0.03113417880342998,-0.12230276096327837,0.0052387818020137806,0.05774990202338126,0.1296577290753444,0.0107204456708974,0.1287981214103171,0.16010656012786223,0.16010656012786223,0.16010656012786223,0.10975392986773072,0.08568016026103761,0.2567402331914871,0.2554529532080818,0.12727591495726764,0.2632521221071114,4.35582563550467e-29,0.029498879360941515,0.01469225248183379,0.02437212451180748,0.014952580828774535,-0.07493304465271743,,,,0.10996214134602583,,-0.01639264676614164,0.011836460906234038,-0.0630069674147217,0.01755261378786482,,0.22750787762434171,0.22750787762434171,-0.22636748056055556,,,,-0.07194430789237795,,0.0,0.3738493239457797,,0.3185110286467774,1,0.7846421617342554,,,,-2.886479736719966e-29,2.925922781981017e-29,-2.886479736719966e-29,,,0.018929799494558364,-0.20857082169048038,,
j.2.3,-0.014091267685771507,-0.014091267685771507,-0.09269530301827694,-0.09043637082904585,-0.07922566042231047,-0.082403241036238,-0.09022983881260817,,,-6.7053176943786e-30,-0.17297300412117134,0.0,,-0.5447047796952246,,,,-1.4791141972893971e-30,-0.09357653284820079,-0.0931926155722767,-0.09319261557227673,-0.09357662430023837,-0.09357662430023837,-0.09357662429802706,-0.09357662430023837,0.10257085441818131,-0.05514557023384235,-0.04893001645373921,-0.04924821946778031,-0.029886774297609973,-0.11390554687591947,-0.030173327664819234,0.03501229052587257,0.027658429886485793,-0.10496745007503527,0.07808701100849656,0.0073772069729531285,0.0073772069729531285,0.0073772069729531285,0.14223139678685381,0.12389600311861246,0.050622947684670225,0.0526321818006185,0.0533134035986151,0.06220426126442178,-6.7053176943786e-30,-0.10503030468661934,0.0338486419998827,0.020418017161740392,0.03444839762135151,-0.09710660603271004,,,,0.2533355027001885,,0.037766083414025924,-0.020452010251403512,-0.1112879204100973,-0.030328849135915856,,0.15724272559295713,0.15724272559295713,-0.4108907022462836,,,,-0.049724515836659655,,0.0,0.08691918761538504,,8.176621046906973e-10,0.7846421617342554,1,,,,4.733165431326071e-30,-4.733165431326071e-30,4.733165431326071e-30,,,-0.15990804611009551,-0.3240678620930514,,
j.3.3,,,,,,,,,,,,,,,,,,,,,,,,,,,,,,,,,,,,,,,,,,,,,,,,,,,,,,,,,,,,,,,,,,,,,,,,,,,,1,,,,,,,,,,,
j.3.4,,,,,,,,,,,,,,,,,,,,,,,,,,,,,,,,,,,,,,,,,,,,,,,,,,,,,,,,,,,,,,,,,,,,,,,,,,,,,1,,,,,,,,,,
j.4.1,,,,,,,,,,,,,,,,,,,,,,,,,,,,,,,,,,,,,,,,,,,,,,,,,,,,,,,,,,,,,,,,,,,,,,,,,,,,,,1,,,,,,,,,
j.5.1,-0.11641297264863223,-0.11641297264863223,-0.1276314800612652,-0.12452117296606373,-0.10908522836952103,-0.11346041571520118,-0.1242368005536582,,,-6.971679510570057e-28,-5.070983500056271e-29,0.0,,-4.977712310879623e-28,,,,-1.4870028062617355e-28,-0.03681281086087358,-0.03666177861342171,-0.03666177861342173,-0.0368128468379125,-0.0368128468379125,-0.036812846837042536,-0.0368128468379125,-0.037661081054764005,-0.04054005492511014,-0.03368568929867368,-0.033904754989669786,-0.03292070309636431,-0.03301804380869445,-0.03323634566886882,-0.11569959608625165,-0.030466150761179128,-0.10202040594656554,-0.04300697224125361,-0.04063048993637821,-0.04063048993637821,-0.04063048993637821,-0.1740776554651155,-0.13878630015384708,0.32283199845164906,0.3162277654239109,0.09787577629541214,0.30833491886651804,-6.967735206043952e-28,-0.20416299278734049,-0.05326393810024315,-0.05622683466558137,-0.054207708497215054,-0.08913691401905514,,,,0.09622504493710633,,0.11885678206580239,-0.03754696307759012,-0.05329791932893391,-0.05567942538136988,,8.812477022241946e-29,8.812477022241946e-29,-1.9721522630525295e-31,,,,-9.564938475804768e-30,,0.0,0.13055824206172467,,8.595540273306168e-29,-2.886479736719966e-29,4.733165431326071e-30,,,,1,0.6666666666666666,0.8333333333333339,,,0.08006407693210563,7.022160157145094e-29,,
j.5.4,-0.2009319801752927,-0.2009319801752927,-0.23195127425143905,-0.22231862386754106,-0.1912727291869067,-0.19946237465085437,-0.21989330425466846,,,7.062057052453916e-28,5.132678503538503e-29,0.0,,5.039342068301293e-28,,,,1.507956923956829e-28,-0.14668489300329665,-0.14664711495205804,-0.14664711495205807,-0.14667618711678104,-0.14667618711678104,-0.14782658858042372,-0.14667618711678104,-0.1537397560617537,-0.16614776664876124,-0.16842844709971097,-0.16952377555863468,-0.16460351607439427,-0.16509021963779716,-0.1315795059042145,-0.15426612819213525,-0.11435240187779998,-0.12602520752579355,-0.21503486198039398,-0.20315245041324034,-0.20315245041324034,-0.20315245041324034,-0.08703882747144126,-0.10408972499394728,0.16141599922582447,0.15811388271195545,0.04893788814770607,0.15416745943325902,7.062057052453916e-28,-0.40832598557468125,-0.18642378359053882,-0.19679392158255551,-0.18972697998418733,-0.14856152330566733,,,,-4.6315142244264763e-29,,0.10225179048250851,-0.07509392615518032,-0.019887283348397088,-0.11135885076273987,,-8.911084635394573e-29,-8.911084635394573e-29,1.9721522630525295e-31,,,,9.564938475804768e-30,,0.0,-0.13055824206172492,,3.464101905222912e-10,2.925922781981017e-29,-4.733165431326071e-30,,,,0.6666666666666666,1,0.6666666666666665,,,0.24019223060416348,-7.11742726273086e-29,,
j.5.5,-0.15521729694245157,-0.15521729694245157,-0.12763148006126518,-0.1245211729660637,-0.10908522836952102,-0.1134604157152012,-0.12423680055365817,,,-6.9733102006165525e-28,-5.073513935646928e-29,0.0,,-4.976233195883612e-28,,,,-1.4887284393920667e-28,-0.03681281086087358,-0.03666177861342171,-0.03666177861342172,-0.0368128468379125,-0.0368128468379125,-0.036812846837042536,-0.0368128468379125,-0.03766108105476401,-0.04054005492511013,-0.03368568929867369,-0.03390475498966977,-0.032920703096364315,-0.03301804380869444,-0.033236345668868836,-0.11569959608625166,-0.030466150761179124,-0.03400680191417494,-0.04300697224125359,-0.04063048993637822,-0.04063048993637822,-0.04063048993637822,-0.1740776554651155,-0.13878630015384708,0.32283199845164906,0.3162277654239109,0.09787577629541214,0.30833491886651804,-6.9713380483535e-28,-0.2381901583199515,-0.13315984533050382,-0.14056708674829352,-0.13551927132434907,-0.11884921875149812,,,,4.5723496565349004e-29,,0.029714195427308056,-0.03754696307759012,-1.5989388091752075e-10,-0.05567942538136988,,-0.28867513459481253,-0.28867513459481253,-1.9721522630525295e-31,,,,-0.09128709291752787,,0.28867513459481253,-1.9721522630525295e-31,,-3.4641019052229054e-10,-2.886479736719966e-29,4.733165431326071e-30,,,,0.8333333333333339,0.6666666666666665,1,,,1.3805065841367707e-30,7.038541172208758e-29,,
j.6.1,,,,,,,,,,,,,,,,,,,,,,,,,,,,,,,,,,,,,,,,,,,,,,,,,,,,,,,,,,,,,,,,,,,,,,,,,,,,,,,,,,1,,,,,
j.6.2,,,,,,,,,,,,,,,,,,,,,,,,,,,,,,,,,,,,,,,,,,,,,,,,,,,,,,,,,,,,,,,,,,,,,,,,,,,,,,,,,,,1,,,,
j.6.3,-0.14376547734187645,-0.14376547734187645,-0.057392679776706014,-0.048346084426266214,-0.03565307972940411,-0.03807857066188962,-0.04455092555702444,,,-2.3665827156630354e-30,-0.15254785078497404,0.0,,0.3202563075362689,,,,-8.38164711797325e-31,-0.14038615422212503,-0.14089399062891383,-0.14089399062891392,-0.14036928726920464,-0.14036928726920464,-0.14257982722478357,-0.14036928726920464,-0.06022338296481412,-0.021390367776139167,-0.14498270554245452,-0.14680595656425893,-0.1256619112487312,-0.12753386992756716,-0.07720653547730005,0.07110271094191886,-0.13191967538896296,-0.14414417032098323,-0.048112052165019556,-0.10320612120695516,-0.10320612120695516,-0.10320612120695516,0.12543630148656104,0.09445027486023272,0.4934474231952685,0.49371044113522394,0.2787495844818908,0.518417564418885,-2.3665827156630354e-30,0.24563966228108663,-0.07978221201181022,-0.04108639097349311,-0.08191920143334122,0.08141828804303892,,,,-0.18490006525480038,,0.12510949618656908,-0.03607395528493334,0.051398055298477116,-0.05349506156723331,,0.13867504910751047,0.13867504910751047,0.41812100513056055,,,,-0.043852900981543465,,0.0,0.20906050179441732,,9.984603144275184e-10,0.018929799494558364,-0.15990804611009551,,,,0.08006407693210563,0.24019223060416348,1.3805065841367707e-30,,,1,-0.29565619907130897,,
j.6.4,0.08440632811326831,0.08440632811326831,-0.043042052604281435,-0.04934194194477094,-0.049663220868566046,-0.05069853581903826,-0.05276987032941904,,,-1.1137268037045571e-28,0.351793396701785,0.0,,0.06154574495253953,,,,-2.3642584538357786e-29,0.23005283863295325,0.23015040334536827,0.23015040334536838,0.23003672446846005,0.23003672446846005,0.23216079394204622,0.23003672446846005,-0.022099232822886374,3.2417252823925954e-30,0.13431044464308062,0.13856772316847324,0.09396858766665662,0.14878414658646064,0.09566475461912259,-0.07390254244469933,0.18863637124415225,0.23268946048232683,-0.03741913472079378,0.09659982653032166,0.09659982653032166,0.09659982653032166,-0.09642365173454186,-0.06406279729866123,-0.2384272324766348,-0.2432809200207296,-0.19362335259758176,-0.2719994021306523,-1.1117546514415046e-28,-0.06454810072338354,-0.06706586964200098,-0.08085925014292177,-0.06547398147964124,0.06011417313901497,,,,-0.31980107486048504,,-0.0022590839395863573,0.0415954049724476,-0.0026437918513070894,0.06168297133872767,,1.404357857223435e-29,1.404357857223435e-29,0.2249885208395737,,,,-1.5037661005775538e-30,,0.0,-0.11249426025761984,,0.31980107372519145,-0.20857082169048038,-0.3240678620930514,,,,7.022160157145094e-29,-7.11742726273086e-29,7.038541172208758e-29,,,-0.29565619907130897,1,,
j.7.1,,,,,,,,,,,,,,,,,,,,,,,,,,,,,,,,,,,,,,,,,,,,,,,,,,,,,,,,,,,,,,,,,,,,,,,,,,,,,,,,,,,,,,1,
j.7.2,,,,,,,,,,,,,,,,,,,,,,,,,,,,,,,,,,,,,,,,,,,,,,,,,,,,,,,,,,,,,,,,,,,,,,,,,,,,,,,,,,,,,,,1
